time,event,side,z,basis_bps,exec_edge_bps,reason,realized_pnl_usd,fees_usd,hold_sec
2025-12-15 00:01:35.250,ENTER,SHORT_BASIS,3.112738455862978,6.610738083803108,23.370036347720944,z_entry+exec_edge,,,
2025-12-15 00:02:22.250,EXIT,SHORT_BASIS,0.49613746060172575,9.655306137837197,,z_exit,2.824995927857202,20.0,47.0
2025-12-15 00:16:47.250,ENTER,LONG_BASIS,-10.863164063662646,7.65961162197105,14.139949211842074,z_entry+exec_edge,,,
2025-12-15 00:16:47.500,EXIT,LONG_BASIS,-7.6490740203310725,7.65961162197105,,stop_z,15.506627158703928,20.0,0.25
2025-12-15 00:16:56.000,ENTER,LONG_BASIS,-3.209982703966032,6.39529378947738,16.668584876831062,z_entry+exec_edge,,,
2025-12-15 00:17:22.750,EXIT,LONG_BASIS,-0.49060676791268176,5.408785704928916,,z_exit,17.536229413420685,20.0,26.75
2025-12-15 00:22:24.250,ENTER,SHORT_BASIS,10.863164057139894,5.811326360119673,30.264253766165687,z_entry+exec_edge,,,
2025-12-15 00:22:24.500,EXIT,SHORT_BASIS,7.649074018015882,5.811326360119673,,stop_z,19.978624759460544,20.0,0.25
2025-12-15 00:22:31.750,ENTER,SHORT_BASIS,3.307013072893671,6.145831974992874,30.93326499591539,z_entry+exec_edge,,,
2025-12-15 00:23:04.250,EXIT,SHORT_BASIS,0.49559646007020786,6.673103537424234,,z_exit,20.901541637338326,20.0,32.5
2025-12-15 00:23:23.750,ENTER,SHORT_BASIS,10.86316405864939,6.775156097895619,32.19191324171758,z_entry+exec_edge,,,
2025-12-15 00:23:24.000,EXIT,SHORT_BASIS,7.649074018552296,6.775156097895619,,stop_z,22.48810845760304,20.0,0.25
2025-12-15 00:24:49.250,ENTER,SHORT_BASIS,10.863164072051445,6.809173618051097,32.25994828203019,z_entry+exec_edge,,,
2025-12-15 00:24:49.500,EXIT,SHORT_BASIS,10.854923685903165,7.64827244858479,,stop_z,22.690612503344546,20.0,0.25
2025-12-15 00:31:05.500,ENTER,SHORT_BASIS,10.863164080997459,11.900462468184552,42.44252598229874,z_entry+exec_edge,,,
2025-12-15 00:31:05.750,EXIT,SHORT_BASIS,7.649074026487607,11.900462468184552,,stop_z,32.71550165187392,20.0,0.25
2025-12-15 00:31:37.250,ENTER,SHORT_BASIS,10.86316405926279,12.132915522591317,42.90743209110897,z_entry+exec_edge,,,
2025-12-15 00:31:37.500,EXIT,SHORT_BASIS,10.060615504005739,12.473090724159299,,stop_z,32.85022797194793,20.0,0.25
2025-12-15 01:23:18.750,ENTER,SHORT_BASIS,10.863164057457563,18.17102535042298,54.9836517467723,z_entry+exec_edge,,,
2025-12-15 01:23:19.000,EXIT,SHORT_BASIS,8.035318926668175,18.28441708427897,,stop_z,43.16838744444611,20.0,0.25
2025-12-15 01:24:28.750,ENTER,SHORT_BASIS,10.863164126718592,18.970437074106414,56.58247519414082,z_entry+exec_edge,,,
2025-12-15 01:24:29.000,EXIT,SHORT_BASIS,7.649074042720169,18.970437074106414,,stop_z,46.69631593903404,20.0,0.25
2025-12-15 01:24:34.000,ENTER,SHORT_BASIS,4.018480005237679,20.55792134809032,59.75744374210864,z_entry+exec_edge,,,
2025-12-15 01:24:56.250,EXIT,SHORT_BASIS,0.49952030379011825,20.55792134809032,,z_exit,49.96441209612068,20.0,22.25
2025-12-15 01:32:07.250,ENTER,SHORT_BASIS,10.863164069353436,20.728008948874315,60.09761894367662,z_entry+exec_edge,,,
2025-12-15 01:32:07.500,EXIT,SHORT_BASIS,10.504004134103768,21.204254231070806,,stop_z,49.96441209612068,20.0,0.25
2025-12-15 01:32:12.750,ENTER,SHORT_BASIS,3.0486266709146888,22.479911236950738,63.60142351982782,z_entry+exec_edge,,,
2025-12-15 01:32:36.000,EXIT,SHORT_BASIS,0.49559537381975527,22.995843625994187,,z_exit,53.431612747025426,20.0,23.25
2025-12-15 01:33:03.500,ENTER,SHORT_BASIS,10.863164088621964,23.109235359850178,64.86007176562835,z_entry+exec_edge,,,
2025-12-15 01:33:03.750,EXIT,SHORT_BASIS,9.023125984648813,23.165931226778177,,stop_z,54.77310472966121,20.0,0.25
2025-12-15 01:33:08.750,ENTER,SHORT_BASIS,3.1008497845964405,24.129760964554126,66.90112297503624,z_entry+exec_edge,,,
2025-12-15 01:34:18.000,EXIT,SHORT_BASIS,0.4918710045854434,29.425154935630342,,z_exit,57.008118817417056,20.0,69.25
2025-12-15 01:38:28.000,ENTER,SHORT_BASIS,10.863164059610185,40.265404692262344,99.17241043045269,z_entry+exec_edge,,,
2025-12-15 01:38:28.250,EXIT,SHORT_BASIS,8.527770604517194,40.46384022651033,,stop_z,87.29353728266568,20.0,0.25
2025-12-15 01:38:33.250,ENTER,SHORT_BASIS,3.590772860720815,45.36236312908893,109.36632730410584,z_entry+exec_edge,,,
2025-12-15 01:39:34.250,EXIT,SHORT_BASIS,0.48993351892689074,51.2587332896006,,z_exit,98.11959693719386,20.0,61.0
2025-12-15 01:51:22.500,ENTER,SHORT_BASIS,10.863164063030297,51.9277445193503,122.49709008463024,z_entry+exec_edge,,,
2025-12-15 01:51:22.750,EXIT,SHORT_BASIS,7.649074020107469,51.9277445193503,,stop_z,110.18219066105203,20.0,0.25
2025-12-15 01:51:27.750,ENTER,SHORT_BASIS,3.1031511290628977,52.307606827768545,123.25681470146506,z_entry+exec_edge,,,
2025-12-15 01:51:52.500,EXIT,SHORT_BASIS,0.49824458280521505,53.15237524499701,,z_exit,112.0829550930168,20.0,24.75
2025-12-15 02:02:23.750,ENTER,SHORT_BASIS,10.863164059291709,54.291962170248425,127.22552538642485,z_entry+exec_edge,,,
2025-12-15 02:02:24.000,EXIT,SHORT_BASIS,8.817491428214922,54.745529105672404,,stop_z,113.8725403120826,20.0,0.25
2025-12-15 02:03:09.250,ENTER,SHORT_BASIS,3.847558613226506,56.05520363170946,130.7520083093469,z_entry+exec_edge,,,
2025-12-15 02:04:42.750,EXIT,SHORT_BASIS,0.49632138056213637,61.78148619143713,,z_exit,118.87330591447889,20.0,93.5
2025-12-15 02:06:59.500,ENTER,SHORT_BASIS,10.863164222461593,61.917556272064,142.476713590056,z_entry+exec_edge,,,
2025-12-15 02:06:59.750,EXIT,SHORT_BASIS,7.649074076712372,61.917556272064,,stop_z,130.6541488712826,20.0,0.25
2025-12-15 02:07:04.750,ENTER,SHORT_BASIS,3.069403746939521,63.079821544087935,144.80124413410385,z_entry+exec_edge,,,
2025-12-15 02:07:26.250,EXIT,SHORT_BASIS,0.4886133277060729,63.09683030416567,,z_exit,133.17416665153553,20.0,21.5
2025-12-15 02:07:32.250,ENTER,SHORT_BASIS,3.8769798598917493,63.21589162471645,145.07338429535923,z_entry+exec_edge,,,
2025-12-15 02:08:07.750,EXIT,SHORT_BASIS,0.4979123083127863,63.47669261258391,,z_exit,133.4381986347588,20.0,35.5
2025-12-15 02:08:13.750,ENTER,SHORT_BASIS,7.649106715445794,63.48236219927704,145.60632544448208,z_entry+exec_edge,,,
2025-12-15 02:08:14.000,EXIT,SHORT_BASIS,6.218940610364878,63.48236219927704,,stop_z,133.94422034417454,20.0,0.25
2025-12-15 02:08:21.250,ENTER,SHORT_BASIS,3.11019993087713,65.52341340868493,149.68842786329785,z_entry+exec_edge,,,
2025-12-15 02:08:49.000,EXIT,SHORT_BASIS,0.4895365436855696,70.6203718455115,,z_exit,136.51752544645038,20.0,27.75
2025-12-15 02:10:00.250,ENTER,SHORT_BASIS,10.863164105568101,70.82447696645262,160.29055497883326,z_entry+exec_edge,,,
2025-12-15 02:10:00.500,EXIT,SHORT_BASIS,9.302672091436115,70.96054704707949,,stop_z,147.78461191663087,20.0,0.25
2025-12-15 02:16:33.500,ENTER,SHORT_BASIS,10.863164195295267,71.07960836762861,160.8008177811852,z_entry+exec_edge,,,
2025-12-15 02:16:33.750,EXIT,SHORT_BASIS,9.229127163210686,71.153312994636,,stop_z,148.44270730007787,20.0,0.25
2025-12-15 02:17:06.000,ENTER,SHORT_BASIS,10.863170602411994,71.17032175471374,160.9822445553555,z_entry+exec_edge,,,
2025-12-15 02:17:06.250,EXIT,SHORT_BASIS,10.862590716753003,72.80883230893252,,stop_z,148.81558889804816,20.0,0.25
2025-12-15 02:18:06.000,ENTER,SHORT_BASIS,4.170709694662005,80.92768045302066,180.49696195197097,z_entry+exec_edge,,,
2025-12-15 02:18:06.500,EXIT,SHORT_BASIS,6.178861383537349,82.80431364833935,,stop_z,164.7462555476655,20.0,0.5
2025-12-15 02:18:11.500,ENTER,SHORT_BASIS,3.19850748776439,87.94662877870768,194.5348586033433,z_entry+exec_edge,,,
2025-12-15 02:18:37.000,EXIT,SHORT_BASIS,0.49303216136205347,90.61700411101664,,z_exit,181.19190516527217,20.0,25.5
2025-12-15 02:21:31.500,ENTER,SHORT_BASIS,10.863164036947417,91.44476376816408,201.5311285822578,z_entry+exec_edge,,,
2025-12-15 02:21:31.750,EXIT,SHORT_BASIS,8.337083118429206,91.61485136894807,,stop_z,186.32055030813834,20.0,0.25
2025-12-15 14:56:17.500,ENTER,LONG_BASIS,-10.863163109317806,91.49579004840061,18.8910628604092,z_entry+exec_edge,,,
2025-12-15 14:56:17.750,EXIT,LONG_BASIS,-10.603563426038187,91.05923187305436,,stop_z,192.847884727227,20.0,0.25
2025-12-15 14:56:22.750,ENTER,LONG_BASIS,-4.142912741444266,88.55894414153101,24.764754674149994,z_entry+exec_edge,,,
2025-12-15 14:56:56.500,EXIT,LONG_BASIS,-0.4992268220643452,81.79512721702167,,z_exit,198.36405243933058,20.0,33.75
2025-12-15 14:57:01.500,ENTER,LONG_BASIS,-4.407958565450902,80.64987070507547,40.582901547061105,z_entry+exec_edge,,,
2025-12-15 14:57:48.750,EXIT,LONG_BASIS,-0.49866462668213796,78.84694213676583,,z_exit,213.0020056071695,20.0,47.25
2025-12-15 15:00:10.500,ENTER,LONG_BASIS,-10.863164038044216,78.31967057433447,45.24330180854146,z_entry+exec_edge,,,
2025-12-15 15:00:10.750,EXIT,LONG_BASIS,-9.653652794639738,77.8207469453671,,stop_z,219.06492279944078,20.0,0.25
2025-12-15 15:01:02.000,ENTER,LONG_BASIS,-10.863163961056388,76.69249919350194,48.49764457020814,z_entry+exec_edge,,,
2025-12-15 15:01:02.250,EXIT,LONG_BASIS,-7.979612856392862,76.67549043342257,,stop_z,223.1147507978757,20.0,0.25
2025-12-15 15:01:07.250,ENTER,LONG_BASIS,-3.113059318214255,71.73728042399371,58.408082109222974,z_entry+exec_edge,,,
2025-12-15 15:01:30.250,EXIT,LONG_BASIS,-0.4968455969156451,70.50698011165551,,z_exit,232.58071371110313,20.0,23.0
2025-12-15 15:02:51.250,ENTER,LONG_BASIS,-10.863166241796863,70.47296259150004,60.936717774211964,z_entry+exec_edge,,,
2025-12-15 15:02:51.500,EXIT,LONG_BASIS,-10.621202746031635,70.34823168425778,,stop_z,236.25494067114107,20.0,0.25
2025-12-15 15:02:58.250,ENTER,LONG_BASIS,-3.714470267514605,69.61685500088696,62.64893295543647,z_entry+exec_edge,,,
2025-12-15 15:04:13.000,EXIT,LONG_BASIS,-0.49075581316771744,53.776029781204976,,z_exit,237.23830123768084,20.0,74.75
2025-12-15 15:15:08.000,ENTER,LONG_BASIS,-10.863164095569983,53.107018551455276,95.66860585430149,z_entry+exec_edge,,,
2025-12-15 15:15:08.250,EXIT,LONG_BASIS,-8.281812399701892,52.98228764421302,,stop_z,270.91471175824427,20.0,0.25
2025-12-15 15:15:14.750,ENTER,LONG_BASIS,-3.0358332368845247,52.50037277532505,96.88189740656195,z_entry+exec_edge,,,
2025-12-15 15:16:02.250,EXIT,LONG_BASIS,-0.4994852816709798,46.85346442929624,,z_exit,273.0128281793401,20.0,47.5
2025-12-15 15:16:20.750,ENTER,LONG_BASIS,-10.863164102720102,46.14476609269628,109.59311077181785,z_entry+exec_edge,,,
2025-12-15 15:16:21.000,EXIT,LONG_BASIS,-7.740758413334247,46.12775733261689,,stop_z,285.3240548154859,20.0,0.25
2025-12-15 15:16:40.750,ENTER,LONG_BASIS,-3.20902190967605,44.14907157683178,113.5844998035485,z_entry+exec_edge,,,
2025-12-15 15:17:07.000,EXIT,LONG_BASIS,-0.4978599695815367,40.82669377484918,,z_exit,289.5447300474327,20.0,26.25
2025-12-15 15:17:13.750,ENTER,LONG_BASIS,-7.615537083039071,39.00675644646181,123.86913006428843,z_entry+exec_edge,,,
2025-12-15 15:17:14.000,EXIT,LONG_BASIS,-6.4961341016728635,39.00675644646181,,stop_z,298.16231535561565,20.0,0.25
2025-12-15 15:18:22.250,ENTER,LONG_BASIS,-10.863166154260435,38.887695125912686,124.10725270538502,z_entry+exec_edge,,,
2025-12-15 15:18:22.500,EXIT,LONG_BASIS,-7.649074762617379,38.887695125912686,,stop_z,301.705854156213,20.0,0.25
2025-12-15 15:18:30.000,ENTER,LONG_BASIS,-3.8554219193082253,37.85583034782413,126.17098226156376,z_entry+exec_edge,,,
2025-12-15 15:19:25.000,EXIT,LONG_BASIS,-0.49648134177632175,33.54694446129637,,z_exit,302.9271015669042,20.0,55.0
2025-12-15 15:19:39.000,ENTER,LONG_BASIS,-10.86316611951735,33.416543967360994,135.0495550224884,z_entry+exec_edge,,,
2025-12-15 15:19:39.250,EXIT,LONG_BASIS,-7.649074750281934,33.416543967360994,,stop_z,313.1352112931967,20.0,0.25
2025-12-15 15:19:59.000,ENTER,LONG_BASIS,-6.414996813660058,32.968646618630146,135.94534971995176,z_entry+exec_edge,,,
2025-12-15 15:20:01.750,EXIT,LONG_BASIS,-6.280974843996728,32.11253902801707,,stop_z,313.408495969731,20.0,2.75
2025-12-15 15:21:00.750,ENTER,LONG_BASIS,-10.86316430964325,31.732676719600477,138.4172895180111,z_entry+exec_edge,,,
2025-12-15 15:21:01.000,EXIT,LONG_BASIS,-7.649074107674112,31.732676719600477,,stop_z,316.14213768060307,20.0,0.25
2025-12-15 15:21:19.500,ENTER,LONG_BASIS,-3.7036114932884145,28.30257677045667,145.2774894162987,z_entry+exec_edge,,,
2025-12-15 15:21:43.750,EXIT,LONG_BASIS,-0.4953758283037034,26.68674456300876,,z_exit,320.8640440575597,20.0,24.25
2025-12-15 15:22:06.000,ENTER,LONG_BASIS,-10.863165492941086,26.51665696222477,148.8493290327625,z_entry+exec_edge,,,
2025-12-15 15:22:06.250,EXIT,LONG_BASIS,-7.649074527810714,26.51665696222477,,stop_z,327.5320044595895,20.0,0.25
2025-12-15 15:22:11.250,ENTER,LONG_BASIS,-3.00091837374227,22.649998837734724,156.5826452817426,z_entry+exec_edge,,,
2025-12-15 15:22:35.500,EXIT,LONG_BASIS,-0.4931230900207405,19.316281862369173,,z_exit,336.0222622944622,20.0,24.25
2025-12-15 15:24:14.250,ENTER,LONG_BASIS,-10.863166467192913,19.17454219504918,163.5335585671137,z_entry+exec_edge,,,
2025-12-15 15:24:14.500,EXIT,LONG_BASIS,-10.577208545664943,18.709636086238948,,stop_z,343.04438703071804,20.0,0.25
2025-12-15 15:24:40.750,ENTER,LONG_BASIS,-3.0053978176476037,17.94424188271099,165.99415919179006,z_entry+exec_edge,,,
2025-12-15 15:25:19.250,EXIT,LONG_BASIS,-0.4950537367369602,12.932327246274752,,z_exit,344.56232067805655,20.0,38.5
2025-12-15 15:29:08.500,ENTER,LONG_BASIS,-10.863164445621456,12.558134524551292,176.76637390810944,z_entry+exec_edge,,,
2025-12-15 15:29:08.750,EXIT,LONG_BASIS,-8.080167808313758,12.512777831009556,,stop_z,356.5181202914907,20.0,0.25
2025-12-15 15:40:25.500,ENTER,LONG_BASIS,-10.86316639477194,12.359698990303306,177.16324497660543,z_entry+exec_edge,,,
2025-12-15 15:40:25.750,EXIT,LONG_BASIS,-7.6490748480058866,12.359698990303306,,stop_z,357.4048319997174,20.0,0.25
2025-12-15 16:34:49.500,ENTER,LONG_BASIS,-10.8631656989986,9.394505149969731,183.0936326572726,z_entry+exec_edge,,,
2025-12-15 16:34:49.750,EXIT,LONG_BASIS,-7.649074600969458,9.394505149969731,,stop_z,363.6040601865729,20.0,0.25
2025-12-15 16:34:56.250,ENTER,LONG_BASIS,-4.8484592215051014,9.111025815329748,183.66059132655255,z_entry+exec_edge,,,
2025-12-15 16:34:56.500,EXIT,LONG_BASIS,-6.177037168658634,8.872903174231501,,stop_z,364.0000069827457,20.0,0.25
2025-12-15 16:35:01.500,ENTER,LONG_BASIS,-3.3301885379893648,7.075644192613343,187.7313545719837,z_entry+exec_edge,,,
2025-12-15 16:35:25.250,EXIT,LONG_BASIS,-0.4952463682721788,6.8375215515150956,,z_exit,368.90985415265214,20.0,23.75
2025-12-15 16:36:33.000,ENTER,LONG_BASIS,-10.863187106244602,6.786495271281878,188.3096524146483,z_entry+exec_edge,,,
2025-12-15 16:36:33.250,EXIT,LONG_BASIS,-7.6490822016031785,6.786495271281878,,stop_z,369.4143066245322,20.0,0.25
2025-12-15 16:36:42.250,ENTER,LONG_BASIS,-7.375574982561517,6.58239015033911,188.71786265653054,z_entry+exec_edge,,,
2025-12-15 16:36:42.500,EXIT,LONG_BASIS,-6.069902309170291,6.58239015033911,,stop_z,369.52240995399495,20.0,0.25
2025-12-15 16:36:47.500,ENTER,LONG_BASIS,-6.00494224326432,1.6498497276033872,198.58294350200197,z_entry+exec_edge,,,
2025-12-15 16:37:14.500,EXIT,LONG_BASIS,-0.49432467670745905,-2.789436652858103,,z_exit,380.332074508842,20.0,27.0
2025-12-15 16:37:46.500,ENTER,LONG_BASIS,-10.863164267500144,-3.362064908829551,208.60677277487113,z_entry+exec_edge,,,
2025-12-15 16:37:46.750,EXIT,LONG_BASIS,-7.649074092708631,-3.362064908829551,,stop_z,389.84969018426335,20.0,0.25
2025-12-15 16:37:51.750,ENTER,LONG_BASIS,-3.7822806128419115,-6.276232468929908,214.43510789507022,z_entry+exec_edge,,,
2025-12-15 16:38:14.000,EXIT,LONG_BASIS,-0.49477985951499287,-6.276232468929908,,z_exit,397.11405266874124,20.0,22.25
2025-12-15 16:39:16.000,ENTER,LONG_BASIS,-10.863186516135313,-6.332928335857904,214.5484996289262,z_entry+exec_edge,,,
2025-12-15 16:39:16.250,EXIT,LONG_BASIS,-10.82739330698465,-6.9735916321436076,,stop_z,397.27103607701446,20.0,0.25
2025-12-15 16:41:37.750,ENTER,LONG_BASIS,-10.863164266699673,-7.563228648196095,217.00910025360093,z_entry+exec_edge,,,
2025-12-15 16:41:38.000,EXIT,LONG_BASIS,-7.64907409242427,-7.563228648196095,,stop_z,398.7565747379545,20.0,0.25
2025-12-15 16:41:43.000,ENTER,LONG_BASIS,-3.7114473090919273,-8.294605331565274,218.47185362034259,z_entry+exec_edge,,,
2025-12-15 16:43:15.250,EXIT,LONG_BASIS,-7.677709186758437,-23.199948746936958,,stop_z,401.20924392072527,20.0,92.25
2025-12-15 17:32:34.750,ENTER,LONG_BASIS,-10.86590306879061,-23.205618333628436,248.2938796244689,z_entry+exec_edge,,,
2025-12-15 17:32:35.000,EXIT,LONG_BASIS,-10.863149704360854,-26.68674456300876,,stop_z,433.4424988086834,20.0,0.25
2025-12-15 17:32:40.000,ENTER,LONG_BASIS,-3.2257002090348235,-30.666794421354794,263.2162317999183,z_entry+exec_edge,,,
2025-12-15 17:33:03.500,EXIT,LONG_BASIS,-0.490597544716035,-32.617132243675904,,z_exit,449.4815209930882,20.0,23.5
2025-12-15 17:33:39.250,ENTER,LONG_BASIS,-10.863164567169314,-33.05369041902214,267.9900237952563,z_entry+exec_edge,,,
2025-12-15 17:33:39.500,EXIT,LONG_BASIS,-9.826288070156217,-33.54694446129637,,stop_z,453.67901571921055,20.0,0.25
2025-12-15 17:34:35.000,ENTER,LONG_BASIS,-10.863169580501216,-37.940874148216125,277.76439125364266,z_entry+exec_edge,,,
2025-12-15 17:34:35.250,EXIT,LONG_BASIS,-7.649075979096816,-37.940874148216125,,stop_z,464.8602574952118,20.0,0.25
2025-12-15 17:38:52.500,ENTER,LONG_BASIS,-10.86329428317909,-40.21437841202748,282.311399781267,z_entry+exec_edge,,,
2025-12-15 17:38:52.750,EXIT,LONG_BASIS,-7.649120254252404,-40.21437841202748,,stop_z,470.00062571734406,20.0,0.25
2025-12-15 17:38:58.000,ENTER,LONG_BASIS,-3.9427133864187818,-40.32777014588348,282.53818324897895,z_entry+exec_edge,,,
2025-12-15 17:39:00.750,EXIT,LONG_BASIS,-8.854089819102429,-40.94575509539996,,stop_z,470.20879433687617,20.0,2.75
2025-12-15 17:39:48.250,ENTER,LONG_BASIS,-10.863166213760493,-41.16686897641881,284.21638091004803,z_entry+exec_edge,,,
2025-12-15 17:39:48.500,EXIT,LONG_BASIS,-8.018828080669541,-41.189547323189686,,stop_z,471.64170829575374,20.0,0.25
2025-12-15 17:51:16.750,ENTER,LONG_BASIS,-10.863164563383327,-42.67497903670386,287.23260103061807,z_entry+exec_edge,,,
2025-12-15 17:51:17.000,EXIT,LONG_BASIS,-9.245877651976226,-42.96412795803533,,stop_z,474.38615696415053,20.0,0.25
2025-12-15 17:51:57.750,ENTER,LONG_BASIS,-3.2182304873926713,-47.30136177802708,296.48536651326623,z_entry+exec_edge,,,
2025-12-15 17:52:21.750,EXIT,LONG_BASIS,-0.49138813300342066,-48.151799781947034,,z_exit,485.14498766750097,20.0,24.0
2025-12-15 18:26:48.250,ENTER,LONG_BASIS,-10.863165793935556,-48.40693118312302,298.6965053234581,z_entry+exec_edge,,,
2025-12-15 18:26:48.500,EXIT,LONG_BASIS,-8.047154299482196,-48.43527911658702,,stop_z,487.23305992590485,20.0,0.25
2025-12-15 18:26:56.250,ENTER,LONG_BASIS,-3.2300955878008053,-48.662062584299,299.2067681258101,z_entry+exec_edge,,,
2025-12-15 18:27:27.250,EXIT,LONG_BASIS,-0.4938980208231539,-50.8958797412634,,z_exit,487.859643416518,20.0,31.0
2025-12-15 18:30:40.750,ENTER,LONG_BASIS,-10.863169396467496,-51.04328899527487,303.96922094776176,z_entry+exec_edge,,,
2025-12-15 18:30:41.000,EXIT,LONG_BASIS,-7.649075913755297,-51.04328899527487,,stop_z,493.1824711510841,20.0,0.25
2025-12-15 18:33:17.500,ENTER,LONG_BASIS,-10.863164271184855,-58.66321351039896,319.20906997800836,z_entry+exec_edge,,,
2025-12-15 18:33:17.750,EXIT,LONG_BASIS,-7.649074094016329,-58.66321351039896,,stop_z,508.4061996848882,20.0,0.25
2025-12-15 18:33:47.250,ENTER,LONG_BASIS,-5.493889918438865,-59.955879276356626,321.79440150992525,z_entry+exec_edge,,,
2025-12-15 18:34:12.250,EXIT,LONG_BASIS,-0.49497897762453424,-60.39243745170286,,z_exit,511.34269136322155,20.0,25.0
2025-12-15 18:34:18.500,ENTER,LONG_BASIS,-3.2556712182061274,-60.56819463917834,323.01903223556866,z_entry+exec_edge,,,
2025-12-15 18:34:23.750,EXIT,LONG_BASIS,-7.402354316398442,-61.10680537499431,,stop_z,513.823945299499,20.0,5.25
2025-12-15 18:35:19.750,ENTER,LONG_BASIS,-10.863164207991268,-63.81686781415355,329.5163785855175,z_entry+exec_edge,,,
2025-12-15 18:35:20.000,EXIT,LONG_BASIS,-7.649074071578615,-63.81686781415355,,stop_z,519.2719878168283,20.0,0.25
2025-12-15 18:35:25.750,ENTER,LONG_BASIS,-3.047801157382071,-65.16055986034608,332.2037626779042,z_entry+exec_edge,,,
2025-12-15 18:35:58.500,EXIT,LONG_BASIS,-0.49462079131036013,-75.13336285298203,,z_exit,523.3524406098278,20.0,32.75
2025-12-16 00:13:38.750,ENTER,LONG_BASIS,-10.86316465193262,-4.982388039491403,18.540733192252134,z_entry+exec_edge,,,
2025-12-16 00:13:39.000,EXIT,LONG_BASIS,-7.6490742292019265,-4.982388039491403,,stop_z,-1.5991409432304948,20.0,0.25
2025-12-16 00:15:29.250,ENTER,LONG_BASIS,-10.86316928557277,-5.514768643014933,19.60549439929919,z_entry+exec_edge,,,
2025-12-16 00:15:29.500,EXIT,LONG_BASIS,-10.639847822052914,-6.006642026704527,,stop_z,-0.0301807311624529,20.0,0.25
2025-12-16 00:15:34.500,ENTER,LONG_BASIS,-7.026413743352156,-8.604890841723341,25.78573879671601,z_entry+exec_edge,,,
2025-12-16 00:15:34.750,EXIT,LONG_BASIS,-6.125364593771968,-8.801640195198843,,stop_z,1.353236044340214,20.0,0.25
2025-12-16 00:37:43.500,ENTER,LONG_BASIS,-10.863164135272989,-13.998137825238155,36.572232763743955,z_entry+exec_edge,,,
2025-12-16 00:37:43.750,EXIT,LONG_BASIS,-7.649074045758916,-13.998137825238155,,stop_z,15.126821577851615,20.0,0.25
2025-12-16 00:38:23.250,ENTER,LONG_BASIS,-10.863164516970391,-14.443717243403011,37.46339160007535,z_entry+exec_edge,,,
2025-12-16 00:38:23.500,EXIT,LONG_BASIS,-7.649074181282935,-14.443717243403011,,stop_z,17.295850227708847,20.0,0.25
2025-12-16 00:38:46.250,ENTER,LONG_BASIS,-3.3220684544998567,-14.999244829688068,38.574446772645466,z_entry+exec_edge,,,
2025-12-16 00:39:19.500,EXIT,LONG_BASIS,-0.4989767016153656,-16.625320368709296,,z_exit,18.19405578575003,20.0,33.25
2025-12-16 00:46:03.250,ENTER,LONG_BASIS,-10.863164147123491,-17.64378761023162,43.86353233373088,z_entry+exec_edge,,,
2025-12-16 00:46:03.500,EXIT,LONG_BASIS,-7.649074049966553,-17.64378761023162,,stop_z,22.59408394106294,20.0,0.25
2025-12-16 00:46:57.500,ENTER,LONG_BASIS,-3.069206706583794,-19.379811317371363,47.33557974801037,z_entry+exec_edge,,,
2025-12-16 00:47:22.750,EXIT,LONG_BASIS,-0.491761854266331,-20.55452069253525,,z_exit,27.395326770834323,20.0,25.25
2025-12-16 00:50:27.250,ENTER,LONG_BASIS,-10.863169052361918,-20.693402589106093,49.96276229148151,z_entry+exec_edge,,,
2025-12-16 00:50:27.500,EXIT,LONG_BASIS,-7.649075791577351,-20.693402589106093,,stop_z,30.528536732982843,20.0,0.25
2025-12-16 00:50:34.500,ENTER,LONG_BASIS,-3.51827525162191,-21.688722847866888,51.953402809003094,z_entry+exec_edge,,,
2025-12-16 00:51:20.750,EXIT,LONG_BASIS,-0.49102204208415223,-22.186382977247284,,z_exit,32.02568459230053,20.0,46.25
2025-12-16 00:51:33.000,ENTER,LONG_BASIS,-10.8631641214516,-23.41895980931583,55.413876731900984,z_entry+exec_edge,,,
2025-12-16 00:51:33.250,EXIT,LONG_BASIS,-7.6490740408514135,-23.41895980931583,,stop_z,33.82753162055817,20.0,0.25
2025-12-16 00:51:38.250,ENTER,LONG_BASIS,-3.9950320021325516,-27.012528883095435,62.6010148794602,z_entry+exec_edge,,,
2025-12-16 00:52:01.500,EXIT,LONG_BASIS,-0.49609028061951127,-27.63749741766507,,z_exit,42.61199861954,20.0,23.25
2025-12-16 00:57:45.500,ENTER,LONG_BASIS,-10.863168924069923,-27.782166059926713,64.14028923312276,z_entry+exec_edge,,,
2025-12-16 00:57:45.750,EXIT,LONG_BASIS,-10.698157624872811,-28.45921530571189,,stop_z,44.86328964668016,20.0,0.25
2025-12-16 00:59:29.250,ENTER,LONG_BASIS,-10.863194836029749,-29.22306573685237,67.02208858697574,z_entry+exec_edge,,,
2025-12-16 00:59:29.500,EXIT,LONG_BASIS,-7.649084946027021,-29.22306573685237,,stop_z,47.96045948099125,20.0,0.25
2025-12-16 01:00:06.750,ENTER,LONG_BASIS,-4.6722198896970495,-31.369948388015523,71.31585388930037,z_entry+exec_edge,,,
2025-12-16 01:00:07.000,EXIT,LONG_BASIS,-7.098814800763999,-32.27268071572853,,stop_z,50.77772230300006,20.0,0.25
2025-12-16 01:00:45.000,ENTER,LONG_BASIS,-10.863164910467388,-33.736727375415704,76.04941186410242,z_entry+exec_edge,,,
2025-12-16 01:00:45.250,EXIT,LONG_BASIS,-7.649074320994806,-33.736727375415704,,stop_z,56.52277509885505,20.0,0.25
2025-12-16 01:01:16.500,ENTER,LONG_BASIS,-10.863190567830758,-34.85935603936742,78.29466919200247,z_entry+exec_edge,,,
2025-12-16 01:01:16.750,EXIT,LONG_BASIS,-7.649083430612076,-34.85935603936742,,stop_z,59.39187825709942,20.0,0.25
2025-12-16 01:01:21.750,ENTER,LONG_BASIS,-4.064862519907183,-37.50968556560009,83.59532824446951,z_entry+exec_edge,,,
2025-12-16 01:01:44.250,EXIT,LONG_BASIS,-0.49267318157664153,-37.50968556560009,,z_exit,64.91125991989688,20.0,22.5
2025-12-16 01:35:41.750,ENTER,LONG_BASIS,-10.863166885425526,-37.70643491907559,83.98882695142052,z_entry+exec_edge,,,
2025-12-16 01:35:42.000,EXIT,LONG_BASIS,-7.649075022204628,-37.70643491907559,,stop_z,64.91125991989688,20.0,0.25
2025-12-16 01:35:47.000,ENTER,LONG_BASIS,-4.990231837789764,-40.78498362640408,90.14592436607748,z_entry+exec_edge,,,
2025-12-16 01:36:10.250,EXIT,LONG_BASIS,-0.48982018612567063,-40.78498362640408,,z_exit,70.1773634358634,20.0,23.25
2025-12-16 03:25:37.750,ENTER,LONG_BASIS,-10.863170950309826,-40.91229203159332,90.40054117645764,z_entry+exec_edge,,,
2025-12-16 03:25:38.000,EXIT,LONG_BASIS,-7.6490764654399355,-40.91229203159332,,stop_z,71.58022821578456,20.0,0.25
2025-12-16 03:28:05.250,ENTER,LONG_BASIS,-10.86317913575446,-43.57998179489839,95.73592070306611,z_entry+exec_edge,,,
2025-12-16 03:28:05.500,EXIT,LONG_BASIS,-7.649079371671269,-43.57998179489839,,stop_z,77.10116141619031,20.0,0.25
2025-12-16 03:28:10.500,ENTER,LONG_BASIS,-4.212519271778859,-43.66099623456458,95.89794958240017,z_entry+exec_edge,,,
2025-12-16 03:28:11.000,EXIT,LONG_BASIS,-7.914567909483305,-43.97348050185108,,stop_z,77.2782142762376,20.0,0.5
2025-12-16 03:28:42.000,ENTER,LONG_BASIS,-3.134728262719278,-44.56372856227758,97.70341423782449,z_entry+exec_edge,,,
2025-12-16 03:29:24.500,EXIT,LONG_BASIS,-0.493933048235933,-44.824132118348544,,z_exit,79.28524722820487,20.0,42.5
2025-12-16 03:31:32.500,ENTER,LONG_BASIS,-10.863164665204959,-45.25813804513348,99.0922332035363,z_entry+exec_edge,,,
2025-12-16 03:31:32.750,EXIT,LONG_BASIS,-7.649074233912587,-45.25813804513348,,stop_z,79.81665416491988,20.0,0.25
2025-12-16 03:31:37.750,ENTER,LONG_BASIS,-3.1652241436537056,-45.501181364133714,99.57831984153675,z_entry+exec_edge,,,
2025-12-16 03:31:59.500,EXIT,LONG_BASIS,-0.49024926361707927,-45.501181364133714,,z_exit,81.19857385387358,20.0,21.75
2025-12-16 03:32:40.750,ENTER,LONG_BASIS,-10.8640225420873,-45.512754855513634,99.6014668242983,z_entry+exec_edge,,,
2025-12-16 03:32:41.000,EXIT,LONG_BASIS,-7.649378803927089,-45.512754855513634,,stop_z,81.19857385387358,20.0,0.25
2025-12-16 03:32:55.750,ENTER,LONG_BASIS,-7.694552859472482,-45.570622312418294,99.7172017381076,z_entry+exec_edge,,,
2025-12-16 03:32:56.000,EXIT,LONG_BASIS,-10.840622256761709,-46.89578707553632,,stop_z,81.22219969879716,20.0,0.25
2025-12-16 03:33:25.750,ENTER,LONG_BASIS,-3.600593481097628,-49.0600299637702,106.6960170408097,z_entry+exec_edge,,,
2025-12-16 03:33:27.250,EXIT,LONG_BASIS,-7.834338857311234,-52.96608330483462,,stop_z,86.3752723571933,20.0,1.5
2025-12-16 04:49:27.250,ENTER,LONG_BASIS,-10.863164166884811,-58.353543542658635,125.2830441985849,z_entry+exec_edge,,,
2025-12-16 04:49:27.500,EXIT,LONG_BASIS,-9.794477543771224,-59.51089268075179,,stop_z,105.33074609232325,20.0,0.25
2025-12-16 06:51:48.250,ENTER,SHORT_BASIS,5.63219332245047,-60.78397673265427,14.79092198483096,z_entry+exec_edge,,,
2025-12-16 06:52:24.250,EXIT,SHORT_BASIS,0.4892244379352568,-58.38826401680008,,z_exit,120.31029239707604,20.0,36.0
2025-12-16 07:07:01.000,ENTER,SHORT_BASIS,10.863185939974764,-58.3130363228247,19.73280280448843,z_entry+exec_edge,,,
2025-12-16 07:07:01.250,EXIT,SHORT_BASIS,7.649081787443863,-58.3130363228247,,stop_z,127.69861358407033,20.0,0.25
2025-12-16 10:39:11.250,ENTER,SHORT_BASIS,10.864088377600195,-58.30146283144309,19.75594978725164,z_entry+exec_edge,,,
2025-12-16 10:39:11.500,EXIT,SHORT_BASIS,7.649402175535685,-58.30146283144309,,stop_z,127.84649452649703,20.0,0.25
2025-12-16 10:39:16.500,ENTER,SHORT_BASIS,5.318515486336432,-51.39787522271805,33.56312500470173,z_entry+exec_edge,,,
2025-12-16 10:39:45.250,EXIT,SHORT_BASIS,0.49440332227564415,-42.43999289387764,,z_exit,138.0736204596164,20.0,28.75
2025-12-16 10:41:35.750,ENTER,SHORT_BASIS,10.86316475248686,-42.03492069554503,52.28903405904944,z_entry+exec_edge,,,
2025-12-16 10:41:36.000,EXIT,SHORT_BASIS,10.588621769271972,-40.669248712593074,,stop_z,158.95035676829357,20.0,0.25
2025-12-16 10:43:10.250,ENTER,SHORT_BASIS,10.863171903912923,-27.816886534069848,80.72510238199813,z_entry+exec_edge,,,
2025-12-16 10:43:10.500,EXIT,SHORT_BASIS,7.649076803981702,-27.816886534069848,,stop_z,187.20678009100556,20.0,0.25
2025-12-16 10:43:15.500,ENTER,SHORT_BASIS,3.7386546436630677,-26.873646986524594,82.61158147709033,z_entry+exec_edge,,,
2025-12-16 10:43:49.000,EXIT,SHORT_BASIS,0.4967783934403146,-20.988526619320186,,z_exit,188.85857097368404,20.0,33.5
2025-12-16 10:43:55.250,ENTER,SHORT_BASIS,4.084206758407812,-20.07422080022726,96.21043384968497,z_entry+exec_edge,,,
2025-12-16 10:44:24.500,EXIT,SHORT_BASIS,0.4917178372971551,-17.05932629549255,,z_exit,200.89865631714636,20.0,29.25
2025-12-16 10:46:38.500,ENTER,SHORT_BASIS,10.863170119024083,-16.93201789030331,102.4948396695312,z_entry+exec_edge,,,
2025-12-16 10:46:38.750,EXIT,SHORT_BASIS,7.649076170262069,-16.93201789030331,,stop_z,208.27859336299554,20.0,0.25
2025-12-16 10:46:45.750,ENTER,SHORT_BASIS,3.537886207325761,-16.8220697221848,102.71473600576823,z_entry+exec_edge,,,
2025-12-16 10:47:09.500,EXIT,SHORT_BASIS,0.49791232742271263,-16.8220697221848,,z_exit,208.52477234572785,20.0,23.75
2025-12-16 11:55:32.000,ENTER,SHORT_BASIS,10.863169594802445,-16.688974571304758,102.98092630752998,z_entry+exec_edge,,,
2025-12-16 11:55:32.250,EXIT,SHORT_BASIS,7.649075984138514,-16.688974571304758,,stop_z,208.73737148117314,20.0,0.25
2025-12-16 12:05:08.500,ENTER,SHORT_BASIS,10.863223789010249,-16.648467351470824,103.06194074719618,z_entry+exec_edge,,,
2025-12-16 12:05:08.750,EXIT,SHORT_BASIS,7.649095225582744,-16.648467351470824,,stop_z,208.99471594709328,20.0,0.25
2025-12-16 12:45:30.000,ENTER,SHORT_BASIS,10.863164073930257,-14.229607652856789,107.89966014442592,z_entry+exec_edge,,,
2025-12-16 12:45:30.250,EXIT,SHORT_BASIS,8.94937976400646,-13.112765734595873,,stop_z,209.07303548420785,20.0,0.25
2025-12-16 12:45:35.250,ENTER,SHORT_BASIS,3.2438722958333357,-9.166205173699199,118.02646510274111,z_entry+exec_edge,,,
2025-12-16 12:45:58.750,EXIT,SHORT_BASIS,0.4969086315724326,-7.881547630415114,,z_exit,220.43841328016785,20.0,23.5
2025-12-16 13:25:18.500,ENTER,SHORT_BASIS,10.86316417653217,-7.0019622854636365,122.35495087921055,z_entry+exec_edge,,,
2025-12-16 13:25:18.750,EXIT,SHORT_BASIS,8.579834025354224,-6.741558729392675,,stop_z,225.994118611909,20.0,0.25
2025-12-16 13:25:23.750,ENTER,SHORT_BASIS,3.4388460570479498,-3.5009811427318183,129.35691316467418,z_entry+exec_edge,,,
2025-12-16 13:25:46.500,EXIT,SHORT_BASIS,0.4895361089563361,-3.0380414874945534,,z_exit,232.957692540084,20.0,22.75
2025-12-16 13:30:01.750,ENTER,SHORT_BASIS,10.86316408064934,-1.0879081898068996,134.18305907052235,z_entry+exec_edge,,,
2025-12-16 13:30:02.000,EXIT,SHORT_BASIS,9.240337013805894,0.1330951508800401,,stop_z,235.3174781294416,20.0,0.25
2025-12-16 15:53:41.000,ENTER,SHORT_BASIS,10.863164374414803,11.243646876574406,158.84616920328662,z_entry+exec_edge,,,
2025-12-16 15:53:41.250,EXIT,SHORT_BASIS,10.329709644593425,12.291047846549054,,stop_z,261.7422418178227,20.0,0.25
2025-12-16 15:54:23.000,ENTER,SHORT_BASIS,4.707129504190332,15.462184484925332,167.2832444199868,z_entry+exec_edge,,,
2025-12-16 15:54:25.500,EXIT,SHORT_BASIS,7.4659509998195315,16.121873493636414,,stop_z,270.37872041571313,20.0,2.5
2025-12-16 15:54:57.500,ENTER,SHORT_BASIS,5.496379607730642,20.0857942916055,176.5304640333505,z_entry+exec_edge,,,
2025-12-16 15:55:21.250,EXIT,SHORT_BASIS,0.4986134569072709,20.097367782987103,,z_exit,277.9851020673291,20.0,23.75
2025-12-16 15:55:31.500,ENTER,SHORT_BASIS,10.86371908836102,20.10894127436871,176.57675799887522,z_entry+exec_edge,,,
2025-12-16 15:55:31.750,EXIT,SHORT_BASIS,7.649271073273657,20.10894127436871,,stop_z,279.6064010872869,20.0,0.25
2025-12-16 15:55:36.750,ENTER,SHORT_BASIS,3.9317283094314814,20.50243998131971,177.36375541277724,z_entry+exec_edge,,,
2025-12-16 15:55:39.250,EXIT,SHORT_BASIS,6.390227047492508,21.347304852128058,,stop_z,280.3341549400945,20.0,2.5
2025-12-16 15:56:01.500,ENTER,SHORT_BASIS,3.0031428424021067,25.675790628597493,187.7104567073311,z_entry+exec_edge,,,
2025-12-16 15:56:51.750,EXIT,SHORT_BASIS,0.49791159003388,31.624565198395683,,z_exit,286.21833006770294,20.0,50.25
2025-12-16 15:57:10.750,ENTER,SHORT_BASIS,10.863165086582953,31.87918200877584,200.1172394676895,z_entry+exec_edge,,,
2025-12-16 15:57:11.000,EXIT,SHORT_BASIS,7.735979138735278,31.88496875446664,,stop_z,301.5233327218494,20.0,0.25
2025-12-17 00:01:03.000,ENTER,LONG_BASIS,-3.2962064196707224,-8.390192923207774,15.129669463967849,z_entry+exec_edge,,,
2025-12-17 00:01:03.500,EXIT,LONG_BASIS,-6.313276649512348,-9.870145541955472,,stop_z,-16.228973583215243,20.0,0.5
2025-12-17 00:01:38.250,ENTER,LONG_BASIS,-10.863174776489034,-12.562520882985933,23.47432538352251,z_entry+exec_edge,,,
2025-12-17 00:01:38.500,EXIT,LONG_BASIS,-7.649077823923439,-12.562520882985933,,stop_z,-6.328090216953008,20.0,0.25
2025-12-17 00:01:43.500,ENTER,LONG_BASIS,-4.077368788070341,-12.664979141206265,23.679241899963174,z_entry+exec_edge,,,
2025-12-17 00:01:44.500,EXIT,LONG_BASIS,-7.501841376619184,-13.034967295893189,,stop_z,-6.042307021386698,20.0,1.0
2025-12-17 00:03:47.750,ENTER,LONG_BASIS,-10.863166001719087,-13.262652314162066,24.874588245874776,z_entry+exec_edge,,,
2025-12-17 00:03:48.000,EXIT,LONG_BASIS,-7.649074708445178,-13.262652314162066,,stop_z,-5.1848595928852035,20.0,0.25
2025-12-17 00:03:53.000,ENTER,LONG_BASIS,-3.2255242786450156,-13.37080269783945,25.0908890132312,z_entry+exec_edge,,,
2025-12-17 00:04:15.000,EXIT,LONG_BASIS,-0.49113262418597603,-13.376494823296504,,z_exit,-4.727494278455854,20.0,22.0
2025-12-17 00:04:47.000,ENTER,LONG_BASIS,-10.863164369119218,-13.945707368968696,26.240698355488036,z_entry+exec_edge,,,
2025-12-17 00:04:47.250,EXIT,LONG_BASIS,-7.649074128787493,-13.945707368968696,,stop_z,-4.498795961637775,20.0,0.25
2025-12-17 00:04:52.250,ENTER,LONG_BASIS,-3.131033276867363,-15.636268629615769,29.621820876782177,z_entry+exec_edge,,,
2025-12-17 00:05:19.500,EXIT,LONG_BASIS,-0.49415398918842174,-16.19978904982925,,z_exit,0.04302711410278093,20.0,27.25
2025-12-17 00:13:48.250,ENTER,LONG_BASIS,-10.86317064071276,-16.325015809877794,30.99931523730789,z_entry+exec_edge,,,
2025-12-17 00:13:48.500,EXIT,LONG_BASIS,-7.649076355518911,-16.325015809877794,,stop_z,1.1762642960213903,20.0,0.25
2025-12-17 00:13:53.500,ENTER,LONG_BASIS,-4.671537456255215,-16.894228355549984,32.13774032865228,z_entry+exec_edge,,,
2025-12-17 00:13:55.000,EXIT,LONG_BASIS,-6.045888638228416,-17.73097079768877,,stop_z,2.5731312878406314,20.0,1.5
2025-12-17 00:16:26.500,ENTER,LONG_BASIS,-10.866457159029242,-20.747797289751386,39.84487819705342,z_entry+exec_edge,,,
2025-12-17 00:16:26.750,EXIT,LONG_BASIS,-7.650242965224939,-20.747797289751386,,stop_z,10.32020803599448,20.0,0.25
2025-12-17 00:16:31.750,ENTER,LONG_BASIS,-3.8891677392482165,-22.02852551751382,42.40633465257827,z_entry+exec_edge,,,
2025-12-17 00:16:54.000,EXIT,LONG_BASIS,-0.49381306140012926,-22.02852551751382,,z_exit,12.717807517157631,20.0,22.25
2025-12-17 00:21:27.500,ENTER,LONG_BASIS,-10.863175549612798,-22.125291650278754,42.59986691810815,z_entry+exec_edge,,,
2025-12-17 00:21:27.750,EXIT,LONG_BASIS,-7.868061893407847,-22.13098377573415,,stop_z,12.912877959913217,20.0,0.25
2025-12-17 00:27:10.750,ENTER,LONG_BASIS,-10.863166149598264,-23.400327752582474,45.14993912271891,z_entry+exec_edge,,,
2025-12-17 00:27:11.000,EXIT,LONG_BASIS,-7.64907476094951,-23.400327752582474,,stop_z,15.21987404724878,20.0,0.25
2025-12-17 00:31:06.750,ENTER,LONG_BASIS,-10.863166379362879,-23.6166285199389,45.5825406574301,z_entry+exec_edge,,,
2025-12-17 00:31:07.000,EXIT,LONG_BASIS,-7.649074842527605,-23.6166285199389,,stop_z,15.679104277478032,20.0,0.25
2025-12-17 00:31:18.500,ENTER,LONG_BASIS,-4.474892241150402,-24.009385176452383,46.36805397045706,z_entry+exec_edge,,,
2025-12-17 00:31:43.000,EXIT,LONG_BASIS,-0.4871014493270743,-24.191533191068146,,z_exit,16.115411913031593,20.0,24.5
2025-12-17 00:32:53.000,ENTER,LONG_BASIS,-10.863164640996045,-24.624134725777687,47.59755306910933,z_entry+exec_edge,,,
2025-12-17 00:32:53.250,EXIT,LONG_BASIS,-8.752067682114264,-24.783514238566895,,stop_z,17.275256048733723,20.0,0.25
2025-12-17 00:33:04.500,ENTER,LONG_BASIS,-3.02739464215896,-25.44380079154697,49.236885200644586,z_entry+exec_edge,,,
2025-12-17 00:33:29.500,EXIT,LONG_BASIS,-0.4916227307419625,-27.219743934044867,,z_exit,18.90638129848145,20.0,25.0
2025-12-17 02:09:00.500,ENTER,LONG_BASIS,-10.863168599174553,-21.70976649193706,53.09614626030303,z_entry+exec_edge,,,
2025-12-17 02:09:00.750,EXIT,LONG_BASIS,-7.649075630671386,-21.70976649193706,,stop_z,34.77185493996519,20.0,0.25
2025-12-17 02:09:05.750,ENTER,LONG_BASIS,-3.02342474356089,-24.464755212990134,58.60612370240919,z_entry+exec_edge,,,
2025-12-17 02:09:27.000,EXIT,LONG_BASIS,-0.4938805267554797,-24.464755212990134,,z_exit,40.65790310263793,20.0,21.25
2025-12-17 02:12:35.500,ENTER,LONG_BASIS,-10.86654337711055,-24.470447338447187,58.61750795332329,z_entry+exec_edge,,,
2025-12-17 02:12:35.750,EXIT,LONG_BASIS,-10.86048364293563,-24.72090085854262,,stop_z,40.65790310263793,20.0,0.25
2025-12-17 02:12:52.500,ENTER,LONG_BASIS,-3.6752459220690796,-25.164886644166266,60.006386564763105,z_entry+exec_edge,,,
2025-12-17 02:13:16.250,EXIT,LONG_BASIS,-0.497912309716505,-25.164886644166266,,z_exit,41.2342073790562,20.0,23.75
2025-12-17 02:13:22.000,ENTER,LONG_BASIS,-3.621512547976655,-25.324266156955474,60.325145590339865,z_entry+exec_edge,,,
2025-12-17 02:13:53.250,EXIT,LONG_BASIS,-7.869210321080144,-26.115471595439494,,stop_z,42.248663218893924,20.0,31.25
2025-12-17 02:14:24.250,ENTER,LONG_BASIS,-5.440350205717426,-29.741355511372017,69.15932429917129,z_entry+exec_edge,,,
2025-12-17 02:14:25.750,EXIT,LONG_BASIS,-6.1193595194946795,-30.783014469951464,,stop_z,49.97907157578429,20.0,1.5
2025-12-17 02:16:01.000,ENTER,LONG_BASIS,-10.863165074610666,-31.614064786633193,72.90474284969531,z_entry+exec_edge,,,
2025-12-17 02:16:01.250,EXIT,LONG_BASIS,-7.64907437927385,-31.614064786633193,,stop_z,54.47277396627362,20.0,0.25
2025-12-17 02:16:06.250,ENTER,LONG_BASIS,-3.82605946443552,-32.798026881632346,75.27266703969195,z_entry+exec_edge,,,
2025-12-17 02:16:31.250,EXIT,LONG_BASIS,-0.4946924904779014,-33.97629685117279,,z_exit,57.559461285875,20.0,25.0
2025-12-17 02:17:27.500,ENTER,LONG_BASIS,-10.863208613910972,-34.02752598028295,77.73166523699483,z_entry+exec_edge,,,
2025-12-17 02:17:27.750,EXIT,LONG_BASIS,-7.649089837822223,-34.02752598028295,,stop_z,59.95381243108892,20.0,0.25
2025-12-17 02:18:09.000,ENTER,LONG_BASIS,-10.866776207752713,-34.033218105740005,77.74304948790893,z_entry+exec_edge,,,
2025-12-17 02:18:09.250,EXIT,LONG_BASIS,-7.650356189433873,-34.033218105740005,,stop_z,60.05794045406829,20.0,0.25
2025-12-17 03:56:08.250,ENTER,LONG_BASIS,-10.863164467047607,-35.000879433382735,79.6783721431944,z_entry+exec_edge,,,
2025-12-17 03:56:08.500,EXIT,LONG_BASIS,-7.649074163557565,-35.000879433382735,,stop_z,60.94890145120456,20.0,0.25
2025-12-17 04:18:18.750,ENTER,LONG_BASIS,-10.863173264754982,-36.981739092322954,83.64009146107317,z_entry+exec_edge,,,
2025-12-17 04:18:19.000,EXIT,LONG_BASIS,-10.419717139888307,-37.25496111424495,,stop_z,65.83462775175859,20.0,0.25
2025-12-17 04:18:24.000,ENTER,LONG_BASIS,-3.2348013849604476,-38.06893505455552,85.81448338553994,z_entry+exec_edge,,,
2025-12-17 04:18:50.500,EXIT,LONG_BASIS,-0.49859073882789806,-39.14474676587729,,z_exit,68.27926652402728,20.0,26.5
2025-12-17 04:18:56.250,ENTER,LONG_BASIS,-3.4154064367792913,-39.40089241142977,88.47839809928679,z_entry+exec_edge,,,
2025-12-17 04:18:57.000,EXIT,LONG_BASIS,-6.160614971272897,-39.70257506063537,,stop_z,70.71349581457964,20.0,0.75
2025-12-17 04:20:03.750,ENTER,LONG_BASIS,-10.863165561687865,-39.998565584385574,89.6737444451984,z_entry+exec_edge,,,
2025-12-17 04:20:04.000,EXIT,LONG_BASIS,-8.732936674859483,-40.101023842605905,,stop_z,71.62953368029737,20.0,0.25
2025-12-17 04:20:09.000,ENTER,LONG_BASIS,-3.5817533246921758,-40.9662269120283,91.60906710048384,z_entry+exec_edge,,,
2025-12-17 04:20:53.000,EXIT,LONG_BASIS,-0.4906015379991472,-44.814103720770994,,z_exit,74.18140156353182,20.0,44.0
2025-12-17 04:21:29.750,ENTER,LONG_BASIS,-10.863196399300497,-44.87671710079526,99.43004747801943,z_entry+exec_edge,,,
2025-12-17 04:21:30.000,EXIT,LONG_BASIS,-7.649085501067353,-44.87671710079526,,stop_z,82.03067407685043,20.0,0.25
2025-12-17 04:21:35.000,ENTER,LONG_BASIS,-4.823895123889511,-45.85576267935044,101.38813863513144,z_entry+exec_edge,,,
2025-12-17 04:22:01.000,EXIT,LONG_BASIS,-0.499731390150866,-46.21436658312491,,z_exit,84.15765032059794,20.0,26.0
2025-12-17 04:22:20.250,ENTER,LONG_BASIS,-10.84865370447165,-46.98849564523942,103.6536045669061,z_entry+exec_edge,,,
2025-12-17 04:22:20.500,EXIT,LONG_BASIS,-7.646470808218219,-46.98849564523942,,stop_z,84.89009522445662,20.0,0.25
2025-12-17 04:35:38.750,ENTER,LONG_BASIS,-10.863176338817105,-47.09095390345975,103.85852108334842,z_entry+exec_edge,,,
2025-12-17 04:35:39.000,EXIT,LONG_BASIS,-10.402882107472399,-47.33002317264274,,stop_z,86.4716080843869,20.0,0.25
2025-12-17 04:35:45.000,ENTER,LONG_BASIS,-3.4301385907801616,-48.69613328225599,107.06887984093926,z_entry+exec_edge,,,
2025-12-17 04:36:36.750,EXIT,LONG_BASIS,-0.49540378404510144,-50.25577565739747,,z_exit,88.84480543128865,20.0,51.75
2025-12-17 04:36:43.000,ENTER,LONG_BASIS,-4.781785669461635,-50.51761342840701,110.71184013324128,z_entry+exec_edge,,,
2025-12-17 04:36:44.750,EXIT,LONG_BASIS,-6.004421614090914,-50.921754335832944,,stop_z,93.1519779813855,20.0,1.75
2025-12-17 04:37:28.500,ENTER,LONG_BASIS,-10.863174339913634,-51.3714322469153,112.41947777025786,z_entry+exec_edge,,,
2025-12-17 04:37:28.750,EXIT,LONG_BASIS,-8.589703542985191,-51.4055849996543,,stop_z,95.20208314893954,20.0,0.25
2025-12-17 04:39:56.250,ENTER,LONG_BASIS,-10.863166186182568,-51.79264953071239,113.26191233785369,z_entry+exec_edge,,,
2025-12-17 04:39:56.500,EXIT,LONG_BASIS,-7.649074773939676,-51.79264953071239,,stop_z,95.78465094518268,20.0,0.25
2025-12-17 04:44:11.500,ENTER,LONG_BASIS,-10.863164128210952,-54.21749497527626,118.11160322697977,z_entry+exec_edge,,,
2025-12-17 04:44:11.750,EXIT,LONG_BASIS,-7.649074043251372,-54.21749497527626,,stop_z,98.44201064599285,20.0,0.25
2025-12-17 04:45:49.750,ENTER,LONG_BASIS,-10.863215898312921,-54.27441622984348,118.22544573611421,z_entry+exec_edge,,,
2025-12-17 04:45:50.000,EXIT,LONG_BASIS,-7.6490924241140155,-54.27441622984348,,stop_z,101.27573340961573,20.0,0.25
2025-12-17 04:47:37.000,ENTER,LONG_BASIS,-10.863169482983707,-56.921254567219165,123.5191224108656,z_entry+exec_edge,,,
2025-12-17 04:47:37.250,EXIT,LONG_BASIS,-7.649075944464881,-56.921254567219165,,stop_z,106.48085292932053,20.0,0.25
2025-12-17 04:49:37.750,ENTER,LONG_BASIS,-10.863334349190731,-56.94971519450278,123.5760436654328,z_entry+exec_edge,,,
2025-12-17 04:49:38.000,EXIT,LONG_BASIS,-7.649134479289893,-56.94971519450278,,stop_z,106.80781027290654,20.0,0.25
2025-12-17 04:49:43.000,ENTER,LONG_BASIS,-8.136122394946543,-57.50754348926086,124.69170025495065,z_entry+exec_edge,,,
2025-12-17 04:49:43.250,EXIT,LONG_BASIS,-6.477065261712695,-57.50754348926086,,stop_z,106.99465251647764,20.0,0.25
2025-12-17 04:51:57.500,ENTER,LONG_BASIS,-10.86316913379266,-57.67261512750713,125.0218435314415,z_entry+exec_edge,,,
2025-12-17 04:51:57.750,EXIT,LONG_BASIS,-7.649075820484746,-57.67261512750713,,stop_z,108.01072784875493,20.0,0.25
2025-12-17 04:52:02.750,ENTER,LONG_BASIS,-3.6856923071222045,-58.6516607060623,126.97993468855351,z_entry+exec_edge,,,
2025-12-17 04:52:25.000,EXIT,LONG_BASIS,-0.4952191530613728,-58.657352831519354,,z_exit,110.35899179773497,20.0,22.25
2025-12-17 04:53:11.500,ENTER,LONG_BASIS,-10.863168828475231,-58.82811659522101,127.33284646686927,z_entry+exec_edge,,,
2025-12-17 04:53:11.750,EXIT,LONG_BASIS,-10.16757434755329,-59.112722868057105,,stop_z,110.37067742413444,20.0,0.25
2025-12-17 04:53:47.750,ENTER,LONG_BASIS,-3.6380027990780492,-60.080384195699835,129.83738166782692,z_entry+exec_edge,,,
2025-12-17 04:54:13.750,EXIT,LONG_BASIS,-0.4878044935998939,-61.34403604709276,,z_exit,112.1238266304658,20.0,26.0
2025-12-17 05:00:16.000,ENTER,LONG_BASIS,-10.863171026054738,-61.48633918351081,132.64929164344886,z_entry+exec_edge,,,
2025-12-17 05:00:16.250,EXIT,LONG_BASIS,-7.649076492332041,-61.48633918351081,,stop_z,115.88930294798723,20.0,0.25
2025-12-17 05:00:33.500,ENTER,LONG_BASIS,-4.114610605549031,-61.7424848290633,133.16158293455385,z_entry+exec_edge,,,
2025-12-17 05:01:27.500,EXIT,LONG_BASIS,-0.4995981684545609,-67.86151969503935,,z_exit,116.1817706346636,20.0,54.0
2025-12-17 05:01:53.250,ENTER,LONG_BASIS,-10.863255892244176,-67.90136457323541,145.47934242289975,z_entry+exec_edge,,,
2025-12-17 05:01:53.500,EXIT,LONG_BASIS,-7.649106623761367,-67.90136457323541,,stop_z,129.3016541359582,20.0,0.25
2025-12-17 05:01:58.500,ENTER,LONG_BASIS,-3.3472334859896535,-72.02815552935881,153.73292433514652,z_entry+exec_edge,,,
2025-12-17 05:03:18.500,EXIT,LONG_BASIS,-0.49421095984507757,-77.56659359875022,,z_exit,137.89479617188323,20.0,80.0
2025-12-17 05:03:56.500,ENTER,LONG_BASIS,-10.86316457785599,-78.1073455171388,165.89130431070487,z_entry+exec_edge,,,
2025-12-17 05:03:56.750,EXIT,LONG_BASIS,-7.649074202898807,-78.1073455171388,,stop_z,149.33964348751323,20.0,0.25
2025-12-17 05:22:54.500,ENTER,LONG_BASIS,-10.863168382604368,-78.29518565720997,166.26698459084722,z_entry+exec_edge,,,
2025-12-17 05:22:54.750,EXIT,LONG_BASIS,-10.702482912861264,-79.18884935391597,,stop_z,150.4584561576373,20.0,0.25
2025-12-17 05:24:42.500,ENTER,LONG_BASIS,-10.863463179206441,-81.73892155852673,173.1544563934807,z_entry+exec_edge,,,
2025-12-17 05:24:42.750,EXIT,LONG_BASIS,-7.6491802187176665,-81.73892155852673,,stop_z,157.9313643932856,20.0,0.25
2025-12-17 05:24:52.000,ENTER,LONG_BASIS,-3.7933878031300132,-81.93814594951198,173.55290517545123,z_entry+exec_edge,,,
2025-12-17 05:25:26.250,EXIT,LONG_BASIS,-0.4913485715538338,-84.86959055972379,,z_exit,158.2026699328531,20.0,34.25
2025-12-17 05:25:44.500,ENTER,LONG_BASIS,-10.863180832566451,-84.9663566924887,179.60932666140468,z_entry+exec_edge,,,
2025-12-17 05:25:44.750,EXIT,LONG_BASIS,-10.7090942878407,-85.43880310539598,,stop_z,164.47031168865757,20.0,0.25
2025-12-17 05:25:49.750,ENTER,LONG_BASIS,-3.61922461759618,-88.25640520647332,186.1894236893739,z_entry+exec_edge,,,
2025-12-17 05:26:35.750,EXIT,LONG_BASIS,-0.4985058386690314,-89.77051057796002,,z_exit,170.91123098101363,20.0,46.0
2025-12-17 14:52:39.750,ENTER,SHORT_BASIS,6.371538461474306,-87.55058164983848,14.116471132670354,z_entry+exec_edge,,,
2025-12-17 14:52:40.000,EXIT,SHORT_BASIS,7.309975106701026,-86.34385105301442,,stop_z,173.05577150914928,20.0,0.25
2025-12-17 14:52:51.750,ENTER,SHORT_BASIS,3.366102769664483,-68.20304722244101,52.811539987466944,z_entry+exec_edge,,,
2025-12-17 14:53:31.250,EXIT,SHORT_BASIS,0.49916990357293617,-34.317824378576105,,z_exit,194.2218081675092,20.0,39.5
2025-12-17 14:53:53.500,ENTER,SHORT_BASIS,10.863164821526352,-33.907991345691464,121.40165174096603,z_entry+exec_edge,,,
2025-12-17 14:53:53.750,EXIT,SHORT_BASIS,10.455644627967512,-32.860640261654964,,stop_z,278.2306717516919,20.0,0.25
2025-12-17 14:54:24.750,ENTER,SHORT_BASIS,10.86316790140815,-32.678492247039195,123.8606499382689,z_entry+exec_edge,,,
2025-12-17 14:54:25.000,EXIT,SHORT_BASIS,10.672933900870259,-31.89867105946929,,stop_z,281.02247639669247,20.0,0.25
2025-12-17 14:54:52.750,ENTER,SHORT_BASIS,3.7078473399660186,-26.422846370102146,136.37194169214467,z_entry+exec_edge,,,
2025-12-17 14:55:19.500,EXIT,SHORT_BASIS,0.4956419822493701,-9.158629859865233,,z_exit,289.0181996435106,20.0,26.75
2025-12-17 14:56:14.750,ENTER,SHORT_BASIS,10.863192036283703,-9.09601647984096,171.02560147266706,z_entry+exec_edge,,,
2025-12-17 14:56:15.000,EXIT,SHORT_BASIS,7.649083951909485,-9.09601647984096,,stop_z,326.2082653196736,20.0,0.25
2025-12-17 14:56:22.250,ENTER,SHORT_BASIS,4.505487120120114,-8.58941731419304,172.03879980396286,z_entry+exec_edge,,,
2025-12-17 14:56:22.500,EXIT,SHORT_BASIS,7.758326891627649,-7.838056753905086,,stop_z,326.6942839527325,20.0,0.25
2025-12-17 14:59:01.750,ENTER,SHORT_BASIS,10.863164171094962,2.3963848172802584,194.01040406690947,z_entry+exec_edge,,,
2025-12-17 14:59:02.000,EXIT,SHORT_BASIS,9.46423848243984,3.1363611266541076,,stop_z,346.2993338115373,20.0,0.25
2025-12-17 14:59:58.500,ENTER,SHORT_BASIS,10.86324704942342,8.003128392151346,205.22389121665165,z_entry+exec_edge,,,
2025-12-17 14:59:58.750,EXIT,SHORT_BASIS,10.849823246683403,8.657722819674367,,stop_z,358.59925655921586,20.0,0.25
2025-12-17 15:00:03.750,ENTER,SHORT_BASIS,5.172992725382632,13.780635730724091,216.77890589379714,z_entry+exec_edge,,,
2025-12-17 15:00:42.500,EXIT,SHORT_BASIS,0.49805832437231284,27.157130554020593,,z_exit,367.7741509962404,20.0,38.75
2025-12-17 15:06:01.500,ENTER,SHORT_BASIS,10.863164291983866,27.749111601519346,244.7158576353893,z_entry+exec_edge,,,
2025-12-17 15:06:01.750,EXIT,SHORT_BASIS,7.649074101392909,27.749111601519346,,stop_z,394.6297725316264,20.0,0.25
2025-12-17 15:06:37.250,ENTER,SHORT_BASIS,7.293023626303996,30.105651540603542,249.42893751355442,z_entry+exec_edge,,,
2025-12-17 15:06:37.500,EXIT,SHORT_BASIS,9.285799037796183,32.8037190070894,,stop_z,396.7589659302005,20.0,0.25
2025-12-17 16:30:10.000,ENTER,LONG_BASIS,-10.863164514554027,47.80246958555165,189.98037924355103,z_entry+exec_edge,,,
2025-12-17 16:30:10.250,EXIT,LONG_BASIS,-10.434734463389916,46.86326888519253,,stop_z,455.767281139265,20.0,0.25
2025-12-17 16:30:37.750,ENTER,LONG_BASIS,-3.150936027422987,45.78176504841537,194.02178831782356,z_entry+exec_edge,,,
2025-12-17 16:31:01.750,EXIT,LONG_BASIS,-0.4999816305978864,45.42885327009961,,z_exit,459.22201580528537,20.0,24.0
2025-12-17 16:31:43.250,ENTER,LONG_BASIS,-10.863173466791158,45.34347138824878,194.89837563815846,z_entry+exec_edge,,,
2025-12-17 16:31:43.500,EXIT,LONG_BASIS,-7.649077358920852,45.34347138824878,,stop_z,461.6562946937988,20.0,0.25
2025-12-17 18:42:53.750,ENTER,LONG_BASIS,-10.863164242289592,44.73441396437887,196.11649048589825,z_entry+exec_edge,,,
2025-12-17 18:42:54.000,EXIT,LONG_BASIS,-9.915629763328855,43.97736127863551,,stop_z,461.83891118501657,20.0,0.25
2025-12-17 18:47:12.250,ENTER,LONG_BASIS,-10.863455203609469,24.40214183296752,236.7810347487193,z_entry+exec_edge,,,
2025-12-17 18:47:12.500,EXIT,LONG_BASIS,-7.6491773871629505,24.40214183296752,,stop_z,506.7847357954788,20.0,0.25
2025-12-17 18:48:03.000,ENTER,LONG_BASIS,-10.863165064753934,24.111843434676025,237.36163154530394,z_entry+exec_edge,,,
2025-12-17 18:48:03.250,EXIT,LONG_BASIS,-10.474811135653338,23.343406498018567,,stop_z,506.8215736370254,20.0,0.25
2025-12-17 18:51:29.250,ENTER,LONG_BASIS,-10.863167331173525,18.710016376245605,248.16528566216311,z_entry+exec_edge,,,
2025-12-17 18:51:29.500,EXIT,LONG_BASIS,-7.649075180469682,18.710016376245605,,stop_z,518.7583117422324,20.0,0.25
2025-12-17 18:51:34.500,ENTER,LONG_BASIS,-3.7349437872626865,16.114407167981735,253.3565040786925,z_entry+exec_edge,,,
2025-12-17 18:51:56.750,EXIT,LONG_BASIS,-0.4902335744041298,16.114407167981735,,z_exit,524.730673735439,20.0,22.25
2025-12-17 19:02:21.250,ENTER,LONG_BASIS,-10.863164322872962,15.528118245938382,254.52908192277755,z_entry+exec_edge,,,
2025-12-17 19:02:21.500,EXIT,LONG_BASIS,-7.86602347068829,15.49396549319772,,stop_z,524.730673735439,20.0,0.25
2025-12-17 19:02:29.750,ENTER,LONG_BASIS,-3.0760806762212987,14.94752144935374,255.6902755159485,z_entry+exec_edge,,,
2025-12-17 19:03:00.250,EXIT,LONG_BASIS,-0.48964609121427183,13.17157830685584,,z_exit,526.579166236506,20.0,30.5
2025-12-17 19:03:12.750,ENTER,LONG_BASIS,-10.863166707566405,12.98373816678468,259.6178420810866,z_entry+exec_edge,,,
2025-12-17 19:03:13.000,EXIT,LONG_BASIS,-7.649074959056928,12.98373816678468,,stop_z,531.104543941651,20.0,0.25
2025-12-17 19:04:42.500,ENTER,LONG_BASIS,-10.863165261111726,12.704824019403981,260.1756703758464,z_entry+exec_edge,,,
2025-12-17 19:04:42.750,EXIT,LONG_BASIS,-7.64907444549196,12.704824019403981,,stop_z,531.511648248663,20.0,0.25
2025-12-17 19:04:47.750,ENTER,LONG_BASIS,-3.034203202366745,11.902234330007516,261.78084975464094,z_entry+exec_edge,,,
2025-12-17 19:05:24.750,EXIT,LONG_BASIS,-0.4979123105816856,11.594859555343207,,z_exit,533.8561931856262,20.0,37.0
2025-12-17 19:05:36.250,ENTER,LONG_BASIS,-10.86608846577306,11.58916742988781,262.40698355488036,z_entry+exec_edge,,,
2025-12-17 19:05:36.500,EXIT,LONG_BASIS,-7.65011211700586,11.58916742988781,,stop_z,534.5227276181937,20.0,0.25
2025-12-17 19:07:01.750,ENTER,LONG_BASIS,-10.863193291034497,11.53224617532059,262.5208260640148,z_entry+exec_edge,,,
2025-12-17 19:07:02.000,EXIT,LONG_BASIS,-7.649084397480757,11.53224617532059,,stop_z,534.5350716421028,20.0,0.25
2025-12-17 19:07:07.000,ENTER,LONG_BASIS,-4.2833309437894895,11.042723386040517,263.49987164257163,z_entry+exec_edge,,,
2025-12-17 19:07:33.250,EXIT,LONG_BASIS,-0.4958092585796071,9.62538414731875,,z_exit,535.7202323382895,20.0,26.25
2025-12-17 19:08:11.000,ENTER,LONG_BASIS,-10.8661351044215,9.61969202186004,266.3459343709326,z_entry+exec_edge,,,
2025-12-17 19:08:11.250,EXIT,LONG_BASIS,-7.650128669292621,9.61969202186004,,stop_z,538.7954832682839,20.0,0.25
2025-12-17 19:08:16.250,ENTER,LONG_BASIS,-3.2501157476762796,4.952149147348067,275.68102011995654,z_entry+exec_edge,,,
2025-12-17 19:09:02.500,EXIT,LONG_BASIS,-0.49704069800840434,-1.1498093422568332,,z_exit,548.5641708339948,20.0,46.25
2025-12-17 19:10:11.500,ENTER,LONG_BASIS,-10.863165049630005,-1.4742604932889887,288.53383940123393,z_entry+exec_edge,,,
2025-12-17 19:10:11.750,EXIT,LONG_BASIS,-7.6490743704047155,-1.4742604932889887,,stop_z,562.2335011316403,20.0,0.25
2025-12-17 19:10:34.000,ENTER,LONG_BASIS,-7.109199769308079,-2.7663729719655263,291.11806435858705,z_entry+exec_edge,,,
2025-12-17 19:10:58.500,EXIT,LONG_BASIS,-0.49670142521315,-3.4494280267721567,,z_exit,562.9408550070781,20.0,24.5
2025-12-18 00:08:24.000,ENTER,LONG_BASIS,-10.86316603951645,-4.292072020968512,15.254255966415117,z_entry+exec_edge,,,
2025-12-18 00:08:24.250,EXIT,LONG_BASIS,-7.649074721864857,-4.292072020968512,,stop_z,-6.516427561046804,20.0,0.25
2025-12-18 00:08:33.750,ENTER,LONG_BASIS,-3.672869248835834,-4.564676595272256,15.799465115024292,z_entry+exec_edge,,,
2025-12-18 00:08:34.250,EXIT,LONG_BASIS,-6.759783735400509,-5.336089539582474,,stop_z,-6.050897546607413,20.0,0.5
2025-12-18 00:20:16.000,ENTER,LONG_BASIS,-10.863164976616124,-5.678295281794491,18.026702488067077,z_entry+exec_edge,,,
2025-12-18 00:20:16.250,EXIT,LONG_BASIS,-7.649074344480843,-5.678295281794491,,stop_z,-3.955476928913935,20.0,0.25
2025-12-18 00:20:24.250,ENTER,LONG_BASIS,-3.7294703234833886,-7.870732070883137,22.411576066246052,z_entry+exec_edge,,,
2025-12-18 00:20:48.000,EXIT,LONG_BASIS,-0.49476067905060744,-7.870732070883137,,z_exit,-0.9505115883623603,20.0,23.75
2025-12-18 01:05:03.250,ENTER,LONG_BASIS,-10.863164314934512,-7.424124576810399,23.710797867187537,z_entry+exec_edge,,,
2025-12-18 01:05:03.500,EXIT,LONG_BASIS,-7.649074109548823,-7.424124576810399,,stop_z,3.3318718759504726,20.0,0.25
2025-12-18 01:05:08.500,ENTER,LONG_BASIS,-4.504095141937718,-8.549343457982888,25.961235629532514,z_entry+exec_edge,,,
2025-12-18 01:06:01.250,EXIT,LONG_BASIS,-0.49470346925636116,-13.276422778373885,,z_exit,5.792323762739585,20.0,52.75
2025-12-18 01:06:13.000,ENTER,LONG_BASIS,-10.863168369636487,-13.438825503490936,35.7401997205503,z_entry+exec_edge,,,
2025-12-18 01:06:13.250,EXIT,LONG_BASIS,-7.649075549174058,-13.438825503490936,,stop_z,16.417599289980444,20.0,0.25
2025-12-18 01:06:18.250,ENTER,LONG_BASIS,-7.536267498738647,-15.538460735370803,39.93947018430834,z_entry+exec_edge,,,
2025-12-18 01:06:18.500,EXIT,LONG_BASIS,-6.157109270150312,-15.538460735370803,,stop_z,19.059894630402425,20.0,0.25
2025-12-18 01:09:06.000,ENTER,LONG_BASIS,-10.863164335800832,-16.182271538516417,41.22709179059957,z_entry+exec_edge,,,
2025-12-18 01:09:06.250,EXIT,LONG_BASIS,-7.649074116957355,-16.182271538516417,,stop_z,20.978183421414485,20.0,0.25
2025-12-18 01:11:11.750,ENTER,LONG_BASIS,-10.86354906053158,-16.97688487212714,42.81631845782271,z_entry+exec_edge,,,
2025-12-18 01:11:12.000,EXIT,LONG_BASIS,-7.649210709354215,-16.97688487212714,,stop_z,23.8452852103528,20.0,0.25
2025-12-18 01:11:17.500,ENTER,LONG_BASIS,-6.801605541600646,-17.02328565073322,42.909120015033174,z_entry+exec_edge,,,
2025-12-18 01:11:21.500,EXIT,LONG_BASIS,-10.498674244985038,-17.858499665624052,,stop_z,23.880402722489336,20.0,4.0
2025-12-18 01:12:01.500,ENTER,LONG_BASIS,-10.863381903692277,-17.881700054927933,44.62594882342092,z_entry+exec_edge,,,
2025-12-18 01:12:01.750,EXIT,LONG_BASIS,-7.649151363017538,-17.881700054927933,,stop_z,25.6600113580987,20.0,0.25
2025-12-18 02:13:08.750,ENTER,SHORT_BASIS,3.798150505419121,-15.2136552851367,14.198638253149214,z_entry+exec_edge,,,
2025-12-18 02:14:01.000,EXIT,SHORT_BASIS,0.4899436972112367,-4.657478152484411,,z_exit,29.70466258367823,20.0,52.25
2025-12-18 02:16:28.250,ENTER,SHORT_BASIS,10.863252061306486,-4.622677568528587,35.38059368636206,z_entry+exec_edge,,,
2025-12-18 02:16:28.500,EXIT,SHORT_BASIS,7.6491052634923165,-4.622677568528587,,stop_z,51.68745997882458,20.0,0.25
2025-12-18 02:16:37.500,ENTER,SHORT_BASIS,3.2149339704516335,-3.1668531397960233,38.29224254383056,z_entry+exec_edge,,,
2025-12-18 02:17:59.750,EXIT,SHORT_BASIS,0.4976725978328703,5.173686814463735,,z_exit,53.878103154135104,20.0,82.25
2025-12-18 02:18:06.000,ENTER,SHORT_BASIS,5.938997299126418,5.394090512838806,55.41412984909853,z_entry+exec_edge,,,
2025-12-18 02:18:06.250,EXIT,SHORT_BASIS,7.645145553179794,5.394090512838806,,stop_z,71.09425266152667,20.0,0.25
2025-12-18 02:18:18.750,ENTER,SHORT_BASIS,3.150034191941159,9.413557959503573,63.453064742426385,z_entry+exec_edge,,,
2025-12-18 02:18:50.250,EXIT,SHORT_BASIS,0.4951096792929814,14.262439323731515,,z_exit,77.8088008439413,20.0,31.5
2025-12-18 04:05:04.250,ENTER,SHORT_BASIS,10.863180104100707,14.33784058896407,73.30163000135074,z_entry+exec_edge,,,
2025-12-18 04:05:04.500,EXIT,SHORT_BASIS,7.649079715424266,14.33784058896407,,stop_z,88.96812123600756,20.0,0.25
2025-12-18 04:05:11.750,ENTER,SHORT_BASIS,9.872868588400541,15.06285275466821,74.75165433275903,z_entry+exec_edge,,,
2025-12-18 04:05:12.000,EXIT,SHORT_BASIS,7.273401315202496,15.06285275466821,,stop_z,89.11613496520546,20.0,0.25
2025-12-18 08:01:04.250,ENTER,SHORT_BASIS,10.863164209375869,15.83426569897843,76.29448022137778,z_entry+exec_edge,,,
2025-12-18 08:01:04.500,EXIT,SHORT_BASIS,9.962247046677339,16.843482633638256,,stop_z,90.53911775927376,20.0,0.25
2025-12-18 08:23:37.500,ENTER,SHORT_BASIS,10.8631961307891,18.93151767086618,82.48898416515497,z_entry+exec_edge,,,
2025-12-18 08:23:37.750,EXIT,SHORT_BASIS,10.621204033343698,19.1229208826114,,stop_z,98.02295112532794,20.0,0.25
2025-12-18 08:26:58.500,ENTER,SHORT_BASIS,10.863164149772564,22.950985117529257,90.52791905848113,z_entry+exec_edge,,,
2025-12-18 08:26:58.750,EXIT,SHORT_BASIS,8.551518625068944,23.223589691834693,,stop_z,104.12218588830042,20.0,0.25
2025-12-18 08:31:02.250,ENTER,SHORT_BASIS,10.863167020495338,23.391792514279402,91.40953385197804,z_entry+exec_edge,,,
2025-12-18 08:31:02.500,EXIT,SHORT_BASIS,7.649075070136976,23.391792514279402,,stop_z,106.52800422718197,20.0,0.25
2025-12-18 08:31:11.000,ENTER,SHORT_BASIS,3.936423476795377,24.215406334518295,93.05676149245751,z_entry+exec_edge,,,
2025-12-18 08:31:46.250,EXIT,SHORT_BASIS,0.494908370986517,28.73368215118616,,z_exit,107.58301680950036,20.0,35.25
2025-12-18 09:33:22.250,ENTER,SHORT_BASIS,10.863164289429054,29.319491981075444,103.26493278557182,z_entry+exec_edge,,,
2025-12-18 09:33:22.500,EXIT,SHORT_BASIS,9.512698026619098,29.800900059104006,,stop_z,117.29440893710051,20.0,0.25
2025-12-18 09:33:42.500,ENTER,SHORT_BASIS,3.2570534626736998,34.93398619228932,114.49392120799787,z_entry+exec_edge,,,
2025-12-18 09:34:06.500,EXIT,SHORT_BASIS,0.4967859817590835,35.36319339438415,,z_exit,124.56824488345424,20.0,24.0
2025-12-18 09:34:51.500,ENTER,SHORT_BASIS,10.863164141729797,36.30280916113739,117.23156714569738,z_entry+exec_edge,,,
2025-12-18 09:34:51.750,EXIT,SHORT_BASIS,9.473181969203297,37.045221618817756,,stop_z,130.21700191150637,20.0,0.25
2025-12-18 09:44:19.250,ENTER,SHORT_BASIS,10.86329584837905,40.37447748373252,125.37490379088595,z_entry+exec_edge,,,
2025-12-18 09:44:19.500,EXIT,SHORT_BASIS,7.649120809757811,40.37447748373252,,stop_z,139.91772573293272,20.0,0.25
2025-12-18 09:44:24.500,ENTER,SHORT_BASIS,3.1467892955438157,43.19332478398886,131.01259839140033,z_entry+exec_edge,,,
2025-12-18 09:45:05.000,EXIT,SHORT_BASIS,0.49791230909039785,43.62253198608707,,z_exit,145.4363385950229,20.0,40.5
2025-12-18 09:45:24.500,ENTER,SHORT_BASIS,10.863165019084082,43.88933646306484,132.4046217495523,z_entry+exec_edge,,,
2025-12-18 09:45:24.750,EXIT,SHORT_BASIS,7.649074359544368,43.88933646306484,,stop_z,146.2692235912524,20.0,0.25
2025-12-18 10:05:24.250,ENTER,SHORT_BASIS,10.863169121964692,44.17934132934649,132.9846314821156,z_entry+exec_edge,,,
2025-12-18 10:05:24.500,EXIT,SHORT_BASIS,7.64907581625431,44.17934132934649,,stop_z,147.12447210159215,20.0,0.25
2025-12-18 10:05:35.000,ENTER,SHORT_BASIS,4.869150331484176,44.411345222371814,133.44863926816626,z_entry+exec_edge,,,
2025-12-18 10:05:35.250,EXIT,SHORT_BASIS,8.327975140159035,44.92175378702855,,stop_z,147.3495127642948,20.0,0.25
2025-12-18 10:07:01.750,ENTER,SHORT_BASIS,10.863243544677616,45.919370527036435,136.46468987749546,z_entry+exec_edge,,,
2025-12-18 10:07:02.000,EXIT,SHORT_BASIS,7.6491022397074335,45.919370527036435,,stop_z,150.66766595135758,20.0,0.25
2025-12-18 10:32:05.250,ENTER,SHORT_BASIS,10.863165295039039,46.42397899436719,137.473906812157,z_entry+exec_edge,,,
2025-12-18 10:32:05.500,EXIT,SHORT_BASIS,10.122061531786905,46.7893851258814,,stop_z,151.25232849686913,20.0,0.25
2025-12-18 10:33:06.250,ENTER,SHORT_BASIS,10.863166243000283,46.96338804565039,138.5527249147234,z_entry+exec_edge,,,
2025-12-18 10:33:06.500,EXIT,SHORT_BASIS,7.6490747940889445,46.96338804565039,,stop_z,152.41020468950794,20.0,0.25
2025-12-18 13:01:31.500,ENTER,SHORT_BASIS,10.863164109109647,48.47141335031501,141.56877552405263,z_entry+exec_edge,,,
2025-12-18 13:01:31.750,EXIT,SHORT_BASIS,9.61178198282413,49.49223047962846,,stop_z,153.48914456693447,20.0,0.25
2025-12-18 13:08:35.500,ENTER,SHORT_BASIS,10.863165395915287,61.666634766130365,167.95921835568336,z_entry+exec_edge,,,
2025-12-18 13:08:35.750,EXIT,SHORT_BASIS,10.717694049042638,62.693251992768104,,stop_z,180.76580448938634,20.0,0.25
2025-12-18 13:09:19.000,ENTER,SHORT_BASIS,10.863164359803699,64.76968683534409,174.16532249411077,z_entry+exec_edge,,,
2025-12-18 13:09:19.250,EXIT,SHORT_BASIS,7.649074125470112,64.76968683534409,,stop_z,186.32799142172544,20.0,0.25
2025-12-18 13:13:21.250,ENTER,SHORT_BASIS,10.863164627516943,70.16377734818289,184.9535035197884,z_entry+exec_edge,,,
2025-12-18 13:13:21.500,EXIT,SHORT_BASIS,7.649074220518622,70.16377734818289,,stop_z,196.94336597611482,20.0,0.25
2025-12-18 13:13:43.750,ENTER,SHORT_BASIS,3.4414850831832027,76.77008820208037,198.1661252275817,z_entry+exec_edge,,,
2025-12-18 13:14:07.750,EXIT,SHORT_BASIS,0.4921542566251808,79.4439330691959,,z_exit,207.2912211753328,20.0,24.0
2025-12-18 13:30:03.000,ENTER,SHORT_BASIS,10.863459475726811,79.45553326384783,203.53701535111827,z_entry+exec_edge,,,
2025-12-18 13:30:03.250,EXIT,SHORT_BASIS,10.859593665483782,79.8963406605963,,stop_z,215.28743598212938,20.0,0.25
2025-12-18 13:30:08.500,ENTER,SHORT_BASIS,4.072337283833277,81.49136742514538,207.6086836737117,z_entry+exec_edge,,,
2025-12-18 13:31:03.000,EXIT,SHORT_BASIS,0.49622144241988464,114.82452675555794,,z_exit,217.42864145033573,20.0,54.5
2025-12-18 13:42:11.250,ENTER,SHORT_BASIS,10.863165453660509,114.88832782614193,274.40260447570313,z_entry+exec_edge,,,
2025-12-18 13:42:11.500,EXIT,SHORT_BASIS,10.779108786697238,115.33493532021467,,stop_z,282.511493801643,20.0,0.25
2025-12-18 13:42:18.750,ENTER,SHORT_BASIS,3.595616789062149,116.36735264417838,277.360654111776,z_entry+exec_edge,,,
2025-12-18 13:42:19.250,EXIT,SHORT_BASIS,6.391284956448524,118.44958758407866,,stop_z,284.06535486123556,20.0,0.5
2025-12-18 13:43:04.000,ENTER,SHORT_BASIS,10.863164096964464,119.41240374013577,283.45075630369075,z_entry+exec_edge,,,
2025-12-18 13:43:04.250,EXIT,SHORT_BASIS,8.565410546924825,119.46460461606445,,stop_z,290.82213542181114,20.0,0.25
2025-12-18 13:43:09.250,ENTER,SHORT_BASIS,5.180418674478245,122.30665230562468,289.239253434672,z_entry+exec_edge,,,
2025-12-18 13:43:10.250,EXIT,SHORT_BASIS,6.408918755969258,125.19510077379098,,stop_z,293.0067784624545,20.0,1.0
2025-12-18 13:46:16.750,ENTER,SHORT_BASIS,10.863164039432451,129.2435687070839,303.1130862375871,z_entry+exec_edge,,,
2025-12-18 13:46:17.000,EXIT,SHORT_BASIS,7.649074011724373,129.2435687070839,,stop_z,308.35881750406634,20.0,0.25
2025-12-18 13:46:22.000,ENTER,SHORT_BASIS,4.717857864824395,134.00544861142737,312.63684604627736,z_entry+exec_edge,,,
2025-12-18 13:46:45.000,EXIT,SHORT_BASIS,0.4947989354537423,134.00544861142737,,z_exit,318.3093922107653,20.0,23.0
2025-12-18 13:47:16.250,ENTER,SHORT_BASIS,10.86316404520306,135.09586690864572,314.81768264071405,z_entry+exec_edge,,,
2025-12-18 13:47:16.500,EXIT,SHORT_BASIS,7.649074013774742,135.09586690864572,,stop_z,318.57011521543626,20.0,0.25
2025-12-18 13:47:38.250,ENTER,SHORT_BASIS,3.057729920448849,138.10611742065066,320.8381836647223,z_entry+exec_edge,,,
2025-12-18 13:48:34.500,EXIT,SHORT_BASIS,0.4922441026023059,140.9945658888153,,z_exit,323.00025347314534,20.0,56.25
2025-12-18 13:49:01.500,ENTER,SHORT_BASIS,10.863162951869516,141.13376822463184,326.89348527268294,z_entry+exec_edge,,,
2025-12-18 13:49:01.750,EXIT,SHORT_BASIS,9.099072917590192,141.2091694898644,,stop_z,331.6425104142564,20.0,0.25
2025-12-18 13:50:02.750,ENTER,SHORT_BASIS,10.863163919558108,142.02118311545303,328.66831505432697,z_entry+exec_edge,,,
2025-12-18 13:50:03.000,EXIT,SHORT_BASIS,8.924535946322557,142.2009861325463,,stop_z,332.81241630522044,20.0,0.25
2025-12-18 13:51:47.000,ENTER,SHORT_BASIS,10.86316390924894,146.02905036746415,336.6840495583509,z_entry+exec_edge,,,
2025-12-18 13:51:47.250,EXIT,SHORT_BASIS,8.092420170807536,146.08125124339622,,stop_z,340.2584920713306,20.0,0.25
2025-12-18 14:01:18.500,ENTER,SHORT_BASIS,10.863163336788269,150.0543179114549,344.73458464633075,z_entry+exec_edge,,,
2025-12-18 14:01:18.750,EXIT,SHORT_BASIS,7.649073762242854,150.0543179114549,,stop_z,348.1573582748939,20.0,0.25
2025-12-18 14:01:23.750,ENTER,SHORT_BASIS,3.3006702327993485,153.19217056462108,351.0102899526647,z_entry+exec_edge,,,
2025-12-18 14:01:56.250,EXIT,SHORT_BASIS,0.4925943555029872,165.7435811772925,,z_exit,354.1134523463292,20.0,32.5
2025-12-18 17:17:56.000,ENTER,LONG_BASIS,-10.863142537030438,165.6971803986881,44.718750380631384,z_entry+exec_edge,,,
2025-12-18 17:17:56.250,EXIT,LONG_BASIS,-10.842944725099288,164.9837684276359,,stop_z,394.4563367339138,20.0,0.25
2025-12-18 17:18:07.250,ENTER,LONG_BASIS,-3.0523624886577845,163.25533942459623,49.602432328813464,z_entry+exec_edge,,,
2025-12-18 17:18:37.750,EXIT,LONG_BASIS,-0.49805271543014407,156.8056311984932,,z_exit,397.2006561717938,20.0,30.5
2025-12-18 17:23:30.750,ENTER,LONG_BASIS,-10.863162747018244,156.6374283760485,62.838254425908936,z_entry+exec_edge,,,
2025-12-18 17:23:31.000,EXIT,LONG_BASIS,-8.341134811039792,156.60262779209603,,stop_z,413.19743341688564,20.0,0.25
2025-12-18 17:24:02.500,ENTER,LONG_BASIS,-10.863163776788753,154.68279557730946,66.74752002338532,z_entry+exec_edge,,,
2025-12-18 17:24:02.750,EXIT,LONG_BASIS,-9.426222582064097,154.4159911003317,,stop_z,416.9147313796814,20.0,0.25
2025-12-18 17:24:07.750,ENTER,LONG_BASIS,-4.715104203076996,152.89636560101513,70.32037997597565,z_entry+exec_edge,,,
2025-12-18 17:25:16.500,EXIT,LONG_BASIS,-0.498156702967031,144.2484204884975,,z_exit,420.84209746687606,20.0,68.75
2025-12-18 17:27:02.250,ENTER,LONG_BASIS,-10.863163996155263,143.6220099773281,88.86909122334973,z_entry+exec_edge,,,
2025-12-18 17:27:02.500,EXIT,LONG_BASIS,-9.74372670502786,142.9723990768582,,stop_z,439.64159123551525,20.0,0.25
2025-12-18 19:16:37.500,ENTER,LONG_BASIS,-10.863164057057595,129.742377077087,116.62835702383019,z_entry+exec_edge,,,
2025-12-18 19:16:37.750,EXIT,LONG_BASIS,-7.64907401798682,129.742377077087,,stop_z,442.39751806613504,20.0,0.25
2025-12-18 19:38:52.250,ENTER,LONG_BASIS,-10.86316403731199,125.01529775669603,126.08251566461217,z_entry+exec_edge,,,
2025-12-18 19:38:52.500,EXIT,LONG_BASIS,-7.815109213259364,124.9978974647198,,stop_z,479.56620610298876,20.0,0.25
2025-12-18 19:40:58.000,ENTER,LONG_BASIS,-10.863163780044859,124.66729191715804,126.77852734368815,z_entry+exec_edge,,,
2025-12-18 19:40:58.250,EXIT,LONG_BASIS,-10.537532847286958,124.38888724552832,,stop_z,480.9483517221561,20.0,0.25
2025-12-18 19:44:05.500,ENTER,LONG_BASIS,-10.863164229435482,99.68047263833121,176.7521659013435,z_entry+exec_edge,,,
2025-12-18 19:44:05.750,EXIT,LONG_BASIS,-10.068437355678771,99.1236632950718,,stop_z,533.7781767307055,20.0,0.25
2025-12-18 19:45:19.250,ENTER,LONG_BASIS,-10.863164474540628,94.94759322061593,186.21792473677576,z_entry+exec_edge,,,
2025-12-18 19:45:19.500,EXIT,LONG_BASIS,-7.649074166224944,94.94759322061593,,stop_z,544.1981121902578,20.0,0.25
2025-12-18 19:45:28.250,ENTER,LONG_BASIS,-4.802501917765935,94.47198523991334,187.16914069818094,z_entry+exec_edge,,,
2025-12-18 19:45:29.250,EXIT,LONG_BASIS,-7.4402148893162,93.35836655339111,,stop_z,544.7727423429279,20.0,1.0
2025-12-18 19:46:00.000,ENTER,LONG_BASIS,-10.863183366790242,93.28876538548283,189.53558040703857,z_entry+exec_edge,,,
2025-12-18 19:46:00.250,EXIT,LONG_BASIS,-9.150724338396135,93.26556499618232,,stop_z,548.259338477487,20.0,0.25
2025-12-18 19:47:07.500,ENTER,LONG_BASIS,-10.863165920037439,92.0011437791933,192.11082361961934,z_entry+exec_edge,,,
2025-12-18 19:47:07.750,EXIT,LONG_BASIS,-7.966158784194953,91.98954358454303,,stop_z,550.8351477811024,20.0,0.25
2025-12-18 20:00:11.500,ENTER,LONG_BASIS,-10.863164454639875,84.91342484727063,206.28626148346635,z_entry+exec_edge,,,
2025-12-18 20:00:11.750,EXIT,LONG_BASIS,-10.466616987511944,84.06661063772617,,stop_z,565.7268825476808,20.0,0.25
2025-12-19 00:31:24.750,ENTER,LONG_BASIS,-4.9605474770020574,-0.8249381735170168,14.135110831319844,z_entry+exec_edge,,,
2025-12-19 00:32:00.250,EXIT,LONG_BASIS,-0.49305643398202686,-2.094523873185207,,z_exit,-1.916310070044311,20.0,35.5
2025-12-19 00:33:08.500,ENTER,LONG_BASIS,-10.863656852244267,-2.1120757492167956,16.7093859827194,z_entry+exec_edge,,,
2025-12-19 00:33:08.750,EXIT,LONG_BASIS,-7.649248978404244,-2.1120757492167956,,stop_z,1.1965653377787504,20.0,0.25
2025-12-19 00:35:38.250,ENTER,LONG_BASIS,-10.863164108507352,-3.8321596003788865,20.149553685045287,z_entry+exec_edge,,,
2025-12-19 00:35:38.500,EXIT,LONG_BASIS,-7.649074036255913,-3.8321596003788865,,stop_z,1.2318165063025006,20.0,0.25
2025-12-19 00:36:34.000,ENTER,LONG_BASIS,-10.863165190972262,-4.200748997057572,20.886732478400955,z_entry+exec_edge,,,
2025-12-19 00:36:34.250,EXIT,LONG_BASIS,-7.64907442059133,-4.200748997057572,,stop_z,4.687634018876302,20.0,0.25
2025-12-19 00:40:36.750,ENTER,LONG_BASIS,-10.863164712407825,-4.686350900616353,21.857936285518516,z_entry+exec_edge,,,
2025-12-19 00:40:37.000,EXIT,LONG_BASIS,-9.931769034623334,-5.3006665617457935,,stop_z,5.428476336667757,20.0,0.25
2025-12-19 00:41:58.250,ENTER,LONG_BASIS,-10.863195688299047,-5.370874065875553,23.226982616036917,z_entry+exec_edge,,,
2025-12-19 00:41:58.500,EXIT,LONG_BASIS,-9.622113912337454,-5.435230944659179,,stop_z,7.639894696551018,20.0,0.25
2025-12-19 00:43:39.000,ENTER,LONG_BASIS,-10.86323530485804,-5.482035947411218,23.44930637911165,z_entry+exec_edge,,,
2025-12-19 00:43:39.250,EXIT,LONG_BASIS,-7.649099314354712,-5.482035947411218,,stop_z,7.910507512938004,20.0,0.25
2025-12-19 01:29:40.500,ENTER,LONG_BASIS,-10.863168785565646,-5.177803429519565,23.812045150445908,z_entry+exec_edge,,,
2025-12-19 01:29:40.750,EXIT,LONG_BASIS,-10.837451069754168,-7.629215448692893,,stop_z,8.977734951781187,20.0,0.25
2025-12-19 01:29:55.750,ENTER,LONG_BASIS,-3.0446468947687677,-12.918180759749825,39.29279981090642,z_entry+exec_edge,,,
2025-12-19 01:30:22.750,EXIT,LONG_BASIS,-0.49202156683097265,-15.54511153924585,,z_exit,23.33099864220602,20.0,27.0
2025-12-19 01:49:39.500,ENTER,LONG_BASIS,-10.863204771735134,-15.609468418031181,44.67537512746914,z_entry+exec_edge,,,
2025-12-19 01:49:39.750,EXIT,LONG_BASIS,-7.979626659912074,-15.615319043375612,,stop_z,30.23941675861135,20.0,0.25
2025-12-19 02:43:36.000,ENTER,SHORT_BASIS,10.81415641097456,-14.772828993827005,15.176522142568869,z_entry+exec_edge,,,
2025-12-19 02:43:36.250,EXIT,SHORT_BASIS,7.631616443556082,-14.772828993827005,,stop_z,30.123640101785725,20.0,0.25
2025-12-19 02:45:14.750,ENTER,SHORT_BASIS,10.86316407111233,-11.30340816478067,22.115363800659836,z_entry+exec_edge,,,
2025-12-19 02:45:15.000,EXIT,SHORT_BASIS,7.6490740229756025,-11.30340816478067,,stop_z,31.83181893790595,20.0,0.25
2025-12-19 02:47:55.500,ENTER,SHORT_BASIS,10.863169698249528,-10.367308109726286,23.987563910768603,z_entry+exec_edge,,,
2025-12-19 02:47:55.750,EXIT,SHORT_BASIS,8.99039649344028,-10.285399354911071,,stop_z,40.23633602152797,20.0,0.25
2025-12-19 02:48:00.750,ENTER,SHORT_BASIS,3.5022192669208936,-9.63597994171505,25.450220246791076,z_entry+exec_edge,,,
2025-12-19 02:48:37.500,EXIT,SHORT_BASIS,0.49395705499296594,-9.045066781963332,,z_exit,42.02220520242759,20.0,36.75
2025-12-19 02:49:01.750,ENTER,SHORT_BASIS,10.86316432635437,-8.272784236542783,28.176611657137315,z_entry+exec_edge,,,
2025-12-19 02:49:02.000,EXIT,SHORT_BASIS,7.649074113595205,-8.272784236542783,,stop_z,43.193108515944196,20.0,0.25
2025-12-19 02:49:30.750,ENTER,SHORT_BASIS,3.323717532486489,-6.067098481820208,32.58798316658076,z_entry+exec_edge,,,
2025-12-19 02:49:54.500,EXIT,SHORT_BASIS,0.4901894095717955,-6.067098481820208,,z_exit,47.16748295521545,20.0,23.75
2025-12-19 02:49:59.750,ENTER,SHORT_BASIS,3.2104323253301055,-5.575645952918699,33.57088822438718,z_entry+exec_edge,,,
2025-12-19 02:50:00.500,EXIT,SHORT_BASIS,7.637899454817356,-5.107595925391507,,stop_z,49.08979926097119,20.0,0.75
2025-12-19 02:51:21.750,ENTER,SHORT_BASIS,10.86771513179881,-5.101745300045374,34.51868953013043,z_entry+exec_edge,,,
2025-12-19 02:51:22.000,EXIT,SHORT_BASIS,7.650689365575157,-5.101745300045374,,stop_z,50.98822430911062,20.0,0.25
2025-12-19 02:51:37.750,ENTER,SHORT_BASIS,3.895280029507708,-2.375353889700841,39.9714723508229,z_entry+exec_edge,,,
2025-12-19 02:51:38.250,EXIT,SHORT_BASIS,6.193634767703433,0.2983818925489256,,stop_z,54.08896634166939,20.0,0.5
2025-12-19 03:03:13.250,ENTER,SHORT_BASIS,10.86318279029464,4.21830087308916,53.1587818764012,z_entry+exec_edge,,,
2025-12-19 03:03:13.500,EXIT,SHORT_BASIS,7.649080669141137,4.21830087308916,,stop_z,69.22927101859113,20.0,0.25
2025-12-19 03:03:18.500,ENTER,SHORT_BASIS,3.982636039783702,13.83087831342819,72.38393675708096,z_entry+exec_edge,,,
2025-12-19 03:03:57.750,EXIT,SHORT_BASIS,0.48926292264265603,24.33275080606957,,z_exit,88.31092079610174,20.0,39.25
2025-12-19 03:07:46.500,ENTER,SHORT_BASIS,10.86316450735663,24.847605836348798,94.41739180292218,z_entry+exec_edge,,,
2025-12-19 03:07:46.750,EXIT,SHORT_BASIS,7.649074177857351,24.847605836348798,,stop_z,108.88658450874277,20.0,0.25
2025-12-19 03:12:25.500,ENTER,SHORT_BASIS,10.863191456175766,29.159516714943734,103.04121356011206,z_entry+exec_edge,,,
2025-12-19 03:12:25.750,EXIT,SHORT_BASIS,10.807161662511156,29.72702737332114,,stop_z,118.18908038295723,20.0,0.25
2025-12-19 03:13:27.500,ENTER,SHORT_BASIS,10.863164169685197,31.862505623913954,108.44719137805079,z_entry+exec_edge,,,
2025-12-19 03:13:27.750,EXIT,SHORT_BASIS,7.649074057971094,31.862505623913954,,stop_z,121.6473248439751,20.0,0.25
2025-12-19 03:13:33.750,ENTER,SHORT_BASIS,5.32131276288662,33.82246511418407,112.36711035859102,z_entry+exec_edge,,,
2025-12-19 03:14:07.500,EXIT,SHORT_BASIS,0.49396926353291265,35.14470644194703,,z_exit,124.00849318592552,20.0,33.75
2025-12-19 03:23:31.000,ENTER,SHORT_BASIS,10.86316524794676,35.44308833449766,115.60835679921648,z_entry+exec_edge,,,
2025-12-19 03:23:31.250,EXIT,SHORT_BASIS,7.6490744407975715,35.44308833449766,,stop_z,129.98050259281868,20.0,0.25
2025-12-19 03:23:56.250,ENTER,SHORT_BASIS,3.361426231205045,35.87603460995827,116.47424935014111,z_entry+exec_edge,,,
2025-12-19 03:23:57.250,EXIT,SHORT_BASIS,7.376619590870053,36.835537166390374,,stop_z,130.66385852040344,20.0,1.0
2025-12-19 03:24:06.250,ENTER,SHORT_BASIS,3.6244746757534974,39.684791708962834,124.09176354814686,z_entry+exec_edge,,,
2025-12-19 03:24:30.000,EXIT,SHORT_BASIS,0.4952011124421293,40.035829229608225,,z_exit,136.35480454736785,20.0,23.75
2025-12-19 03:25:02.000,ENTER,SHORT_BASIS,10.863164394030417,40.57993738660791,125.8820549034387,z_entry+exec_edge,,,
2025-12-19 03:25:02.250,EXIT,SHORT_BASIS,8.424039738989698,40.70865114417857,,stop_z,139.49338946713212,20.0,0.25
2025-12-19 03:25:08.250,ENTER,SHORT_BASIS,5.601781461311795,42.557448752909615,129.83707763604383,z_entry+exec_edge,,,
2025-12-19 03:26:27.250,EXIT,SHORT_BASIS,0.48918877941092104,60.65343294217901,,z_exit,141.23239472720311,20.0,79.0
2025-12-19 03:27:06.500,ENTER,SHORT_BASIS,8.183974308549027,62.30330928921304,169.32879870865065,z_entry+exec_edge,,,
2025-12-19 03:27:06.750,EXIT,SHORT_BASIS,7.797091042988329,62.63094430848241,,stop_z,180.81250142202177,20.0,0.25
2025-12-19 03:27:56.500,ENTER,SHORT_BASIS,7.428831118554784,70.50588602162776,185.7339521734784,z_entry+exec_edge,,,
2025-12-19 03:27:56.750,EXIT,SHORT_BASIS,10.277208812703506,71.18455856154084,,stop_z,197.8609970699781,20.0,0.25
2025-12-19 03:28:07.250,ENTER,SHORT_BASIS,3.232288450304749,73.22642680662958,191.17503374348203,z_entry+exec_edge,,,
2025-12-19 03:28:32.250,EXIT,SHORT_BASIS,0.48991014607840455,74.68908314265205,,z_exit,200.76962011825015,20.0,25.0
2025-12-19 03:30:01.250,ENTER,SHORT_BASIS,10.86316406340545,77.87767395518104,200.47752804058496,z_entry+exec_edge,,,
2025-12-19 03:30:01.500,EXIT,SHORT_BASIS,7.649074020239201,77.87767395518104,,stop_z,206.94049746300095,20.0,0.25
2025-12-19 03:30:09.250,ENTER,SHORT_BASIS,3.0247619890297526,81.55186667126881,207.8259134727622,z_entry+exec_edge,,,
2025-12-19 03:30:51.000,EXIT,SHORT_BASIS,0.49766738486566103,86.86423448370176,,z_exit,217.24529471828936,20.0,41.75
2025-12-19 03:31:00.750,ENTER,SHORT_BASIS,9.867235724316563,87.79448391341343,220.31114795704974,z_entry+exec_edge,,,
2025-12-19 03:31:01.000,EXIT,SHORT_BASIS,7.3800000706303726,87.80033453875616,,stop_z,229.64935530774375,20.0,0.25
2025-12-19 03:31:31.250,ENTER,SHORT_BASIS,3.329770502051287,89.94751404003785,224.61720821030025,z_entry+exec_edge,,,
2025-12-19 03:32:28.000,EXIT,SHORT_BASIS,0.49551084707774623,99.40212459608746,,z_exit,233.5540092418382,20.0,56.75
2025-12-19 03:32:56.250,ENTER,SHORT_BASIS,10.863166342888869,99.50158522693596,243.7253505840965,z_entry+exec_edge,,,
2025-12-19 03:32:56.500,EXIT,SHORT_BASIS,7.649074829531844,99.50158522693596,,stop_z,253.5080269882539,20.0,0.25
2025-12-19 07:00:12.000,ENTER,SHORT_BASIS,10.863164282501268,99.81751899551817,244.35721812125922,z_entry+exec_edge,,,
2025-12-19 07:00:12.250,EXIT,SHORT_BASIS,10.75141278429781,101.68971910562695,,stop_z,253.69682618305416,20.0,0.25
2025-12-19 07:01:01.250,ENTER,SHORT_BASIS,10.863164631264672,108.51154825683442,261.7452766438934,z_entry+exec_edge,,,
2025-12-19 07:01:01.500,EXIT,SHORT_BASIS,7.649074221834617,108.51154825683442,,stop_z,270.492773062589,20.0,0.25
2025-12-19 07:03:31.500,ENTER,SHORT_BASIS,10.863164623405835,108.65781389043667,262.0378079110979,z_entry+exec_edge,,,
2025-12-19 07:03:31.750,EXIT,SHORT_BASIS,10.792938722371705,109.79283520719146,,stop_z,270.76944719988967,20.0,0.25
2025-12-19 07:03:38.750,ENTER,SHORT_BASIS,3.656004008729058,111.46611405559982,267.6544082414242,z_entry+exec_edge,,,
2025-12-19 07:04:03.000,EXIT,SHORT_BASIS,0.49353124118108255,113.75955919048374,,z_exit,273.96665544253176,20.0,24.25
2025-12-19 07:04:08.500,ENTER,SHORT_BASIS,3.150626501106019,115.59080492318319,275.903789976591,z_entry+exec_edge,,,
2025-12-19 07:04:30.500,EXIT,SHORT_BASIS,0.49889512233018335,115.59080492318319,,z_exit,284.141643599357,20.0,22.0
2025-12-19 07:05:47.000,ENTER,SHORT_BASIS,10.863164094732852,115.8833361903877,276.48885251099995,z_entry+exec_edge,,,
2025-12-19 07:05:47.250,EXIT,SHORT_BASIS,8.821793391623146,116.00034869726949,,stop_z,284.141643599357,20.0,0.25
2025-12-19 07:05:52.250,ENTER,SHORT_BASIS,5.371842581840084,116.81943624544208,278.36105262110874,z_entry+exec_edge,,,
2025-12-19 07:05:53.250,EXIT,SHORT_BASIS,6.215182439362486,117.87254880737825,,stop_z,285.4878699247497,20.0,1.0
2025-12-19 07:06:22.000,ENTER,SHORT_BASIS,3.1964766593897047,120.5813883416929,285.8849568136087,z_entry+exec_edge,,,
2025-12-19 07:06:52.250,EXIT,SHORT_BASIS,0.49165104286469585,123.25512412394096,,z_exit,290.86903740659034,20.0,30.25
2025-12-19 07:06:58.750,ENTER,SHORT_BASIS,4.258859626278584,123.33118225341516,291.38454463705324,z_entry+exec_edge,,,
2025-12-19 07:06:59.250,EXIT,SHORT_BASIS,8.808201320198501,123.57690851786592,,stop_z,298.5774987534565,20.0,0.5
2025-12-19 07:07:43.500,ENTER,SHORT_BASIS,10.863164031416174,124.22632793106193,293.17483599234504,z_entry+exec_edge,,,
2025-12-19 07:07:43.750,EXIT,SHORT_BASIS,8.06653076168703,124.29068480984556,,stop_z,299.3696731606703,20.0,0.25
2025-12-19 07:09:28.250,ENTER,SHORT_BASIS,10.86316399392798,124.65927420652254,294.04072854326967,z_entry+exec_edge,,,
2025-12-19 07:09:28.500,EXIT,SHORT_BASIS,8.098810631634633,124.7060792092763,,stop_z,300.52469505527955,20.0,0.25
2025-12-19 07:09:36.750,ENTER,SHORT_BASIS,3.0585585360338428,125.01031172716793,294.7428035845605,z_entry+exec_edge,,,
2025-12-19 07:10:08.500,EXIT,SHORT_BASIS,0.4981275430821983,126.18043679598591,,z_exit,301.3055536123224,20.0,31.75
2025-12-19 07:10:43.750,ENTER,SHORT_BASIS,10.863164022569192,126.74794745436333,298.2180750389512,z_entry+exec_edge,,,
2025-12-19 07:10:44.000,EXIT,SHORT_BASIS,7.7280395501929,126.75964870505219,,stop_z,304.0760343225443,20.0,0.25
2025-12-19 07:10:49.000,ENTER,SHORT_BASIS,6.369313391616501,130.15301140462432,305.02820293947156,z_entry+exec_edge,,,
2025-12-19 07:11:27.250,EXIT,SHORT_BASIS,0.49772055515874203,142.1818971120718,,z_exit,306.4055275583931,20.0,38.25
2025-12-19 07:11:33.500,ENTER,SHORT_BASIS,3.8817540767834697,142.7084533930399,330.13908691630434,z_entry+exec_edge,,,
2025-12-19 07:12:17.250,EXIT,SHORT_BASIS,0.49765130356133486,147.35970054159137,,z_exit,334.59983095491094,20.0,43.75
2025-12-19 14:44:41.500,ENTER,SHORT_BASIS,10.863158669546646,147.44745992175274,339.61709997373003,z_entry+exec_edge,,,
2025-12-19 14:44:41.750,EXIT,SHORT_BASIS,10.826407986430576,148.4245143542164,,stop_z,343.6998148315761,20.0,0.25
2025-12-19 15:12:37.750,ENTER,SHORT_BASIS,10.863163508349317,158.6338555796533,361.9898912895312,z_entry+exec_edge,,,
2025-12-19 15:12:38.000,EXIT,SHORT_BASIS,10.468049859463555,159.50559875592404,,stop_z,364.04154800882674,20.0,0.25
2025-12-19 15:13:18.000,ENTER,SHORT_BASIS,10.863160279800692,170.06012687666018,384.84243388354497,z_entry+exec_edge,,,
2025-12-19 15:13:18.250,EXIT,SHORT_BASIS,7.64907267684179,170.06012687666018,,stop_z,385.5404492692641,20.0,0.25
2025-12-19 15:13:23.250,ENTER,SHORT_BASIS,3.146385390058001,171.63979571956446,388.00177156935354,z_entry+exec_edge,,,
2025-12-19 15:13:44.500,EXIT,SHORT_BASIS,0.49984843913732824,171.63979571956446,,z_exit,388.72729444287523,20.0,21.25
2025-12-19 15:14:28.750,ENTER,SHORT_BASIS,10.863162669363884,171.88552198401695,388.49322409825845,z_entry+exec_edge,,,
2025-12-19 15:14:29.000,EXIT,SHORT_BASIS,7.649073525267285,171.88552198401695,,stop_z,388.72729444287523,20.0,0.25
2025-12-19 15:15:29.500,ENTER,SHORT_BASIS,10.8631597056895,172.96788767267356,390.65795547557167,z_entry+exec_edge,,,
2025-12-19 15:15:29.750,EXIT,SHORT_BASIS,7.649072473006858,172.96788767267356,,stop_z,390.91904615035486,20.0,0.25
2025-12-19 15:15:38.500,ENTER,SHORT_BASIS,3.592692953725653,176.94046228131197,398.6031046928451,z_entry+exec_edge,,,
2025-12-19 15:16:50.250,EXIT,SHORT_BASIS,0.49913562149668067,201.70030873749943,,z_exit,395.083850251911,20.0,71.75
2025-12-19 15:17:05.000,ENTER,SHORT_BASIS,10.863144774093794,201.78221749231633,448.2866151148573,z_entry+exec_edge,,,
2025-12-19 15:17:05.250,EXIT,SHORT_BASIS,10.514084085010477,202.01624250607995,,stop_z,443.89468721030136,20.0,0.25
2025-12-19 15:17:20.500,ENTER,SHORT_BASIS,3.8906205572181327,203.09860819473656,450.91939651969767,z_entry+exec_edge,,,
2025-12-19 15:17:53.750,EXIT,SHORT_BASIS,0.4905845022118854,206.60313277584777,,z_exit,444.8767181938501,20.0,33.25
2025-12-20 00:07:45.750,ENTER,LONG_BASIS,-10.86318087136611,-5.4764108568000855,14.414594379556702,z_entry+exec_edge,,,
2025-12-20 00:07:46.000,EXIT,LONG_BASIS,-7.649079987914502,-5.4764108568000855,,stop_z,-10.30984670384488,20.0,0.25
2025-12-20 00:08:02.250,ENTER,LONG_BASIS,-4.779701757723251,-5.7034123430923165,14.868597352141165,z_entry+exec_edge,,,
2025-12-20 00:08:26.000,EXIT,LONG_BASIS,-0.49791231628923704,-5.7034123430923165,,z_exit,-10.104969988452321,20.0,23.75
2025-12-20 00:52:20.750,ENTER,LONG_BASIS,-10.863165381163691,-5.192658998934796,15.595002108277296,z_entry+exec_edge,,,
2025-12-20 00:52:21.000,EXIT,LONG_BASIS,-9.501276994014344,-5.487760931113706,,stop_z,-7.8998432402754055,20.0,0.25
2025-12-20 00:53:12.000,ENTER,LONG_BASIS,-10.862665078088725,-6.912195257597789,19.034074625604934,z_entry+exec_edge,,,
2025-12-20 00:53:12.250,EXIT,LONG_BASIS,-7.648925121591972,-6.912195257597789,,stop_z,-6.567586343633028,20.0,0.25
2025-12-20 00:54:46.000,ENTER,LONG_BASIS,-10.86325066093418,-7.496724084799625,20.203132280008607,z_entry+exec_edge,,,
2025-12-20 00:54:46.250,EXIT,LONG_BASIS,-7.6491047664623535,-7.496724084799625,,stop_z,-2.6370723928728665,20.0,0.25
2025-12-20 02:44:40.500,ENTER,SHORT_BASIS,10.86847463423429,-2.270014862922315,15.663102554163975,z_entry+exec_edge,,,
2025-12-20 02:44:40.750,EXIT,SHORT_BASIS,10.862842971208828,-1.5379350696285472,,stop_z,7.813146410139851,20.0,0.25
2025-12-20 02:44:47.000,ENTER,SHORT_BASIS,3.155789843658936,-1.0952821713593563,18.01256793728824,z_entry+exec_edge,,,
2025-12-20 02:45:12.750,EXIT,SHORT_BASIS,0.49208594392771693,-0.2440265977634882,,z_exit,9.349202004642343,20.0,25.75
2025-12-20 03:30:14.500,ENTER,SHORT_BASIS,10.86838180917882,-0.23835156060585208,19.72642915879525,z_entry+exec_edge,,,
2025-12-20 03:30:14.750,EXIT,SHORT_BASIS,7.650925909890359,-0.23835156060585208,,stop_z,11.855570045036316,20.0,0.25
2025-12-20 03:31:38.750,ENTER,SHORT_BASIS,10.863170256567905,-0.07377548304431458,20.055581313918324,z_entry+exec_edge,,,
2025-12-20 03:31:39.000,EXIT,SHORT_BASIS,9.116763387141123,0.017025111472908357,,stop_z,11.8668571392327,20.0,0.25
2025-12-20 03:31:44.000,ENTER,SHORT_BASIS,3.81089098830373,0.374552452384164,20.95223718477363,z_entry+exec_edge,,,
2025-12-20 03:32:06.500,EXIT,SHORT_BASIS,0.4897006108770376,0.374552452384164,,z_exit,13.08571281734558,20.0,22.5
2025-12-20 03:32:26.750,ENTER,SHORT_BASIS,10.863166307916881,0.6469542359341812,21.497040751875318,z_entry+exec_edge,,,
2025-12-20 03:32:27.000,EXIT,SHORT_BASIS,7.649074817134335,0.6469542359341812,,stop_z,13.08571281734558,20.0,0.25
2025-12-20 05:03:00.250,ENTER,SHORT_BASIS,10.863206812341936,0.7093796446632235,21.621891569335055,z_entry+exec_edge,,,
2025-12-20 05:03:00.500,EXIT,SHORT_BASIS,7.6490891980651785,0.7093796446632235,,stop_z,13.627330741421929,20.0,0.25
2025-12-20 05:12:44.500,ENTER,SHORT_BASIS,10.863199553968569,2.0713885624166126,24.34590940484183,z_entry+exec_edge,,,
2025-12-20 05:12:44.750,EXIT,SHORT_BASIS,7.64908662101133,2.0713885624166126,,stop_z,16.32326030038446,20.0,0.25
2025-12-20 05:15:43.250,ENTER,SHORT_BASIS,10.864441389979234,2.0827386367318845,24.368609553470723,z_entry+exec_edge,,,
2025-12-20 05:15:43.500,EXIT,SHORT_BASIS,7.649527492881411,2.0827386367318845,,stop_z,16.45858231158745,20.0,0.25
2025-12-20 05:16:00.250,ENTER,SHORT_BASIS,10.80968067341323,2.695642649720249,25.594417579449104,z_entry+exec_edge,,,
2025-12-20 05:16:00.500,EXIT,SHORT_BASIS,7.630226358578388,2.695642649720249,,stop_z,16.48113562261227,20.0,0.25
2025-12-20 05:18:10.500,ENTER,SHORT_BASIS,10.86320584316567,3.2801714769237362,26.763475233854425,z_entry+exec_edge,,,
2025-12-20 05:18:10.750,EXIT,SHORT_BASIS,7.649088853962699,3.2801714769237362,,stop_z,18.735951016038854,20.0,0.25
2025-12-20 05:18:40.250,ENTER,SHORT_BASIS,10.86316737945133,3.501497926058332,27.206128132123613,z_entry+exec_edge,,,
2025-12-20 05:18:40.500,EXIT,SHORT_BASIS,7.649075197577005,3.501497926058332,,stop_z,18.859936242079606,20.0,0.25
2025-12-20 05:18:52.250,ENTER,SHORT_BASIS,3.541227824514702,3.779574746767637,27.762281773540575,z_entry+exec_edge,,,
2025-12-20 05:19:35.250,EXIT,SHORT_BASIS,0.4979123609549884,4.176827347779041,,z_exit,19.299495346457903,20.0,43.0
2025-12-20 05:20:38.750,ENTER,SHORT_BASIS,10.863169272849268,4.3527534996542,28.908639279315356,z_entry+exec_edge,,,
2025-12-20 05:20:39.000,EXIT,SHORT_BASIS,7.649075869819383,4.3527534996542,,stop_z,20.64047431482095,20.0,0.25
2025-12-20 05:20:54.750,ENTER,SHORT_BASIS,3.96251349538573,4.647855431834762,29.498843143676478,z_entry+exec_edge,,,
2025-12-20 05:21:02.250,EXIT,SHORT_BASIS,6.414760307613127,8.194753655150878,,stop_z,20.989745667978212,20.0,7.5
2025-12-20 05:37:05.750,ENTER,SHORT_BASIS,10.863171627604867,10.45909348091556,41.121319241838066,z_entry+exec_edge,,,
2025-12-20 05:37:06.000,EXIT,SHORT_BASIS,7.649076705864372,10.45909348091556,,stop_z,32.816688180593005,20.0,0.25
2025-12-20 05:44:17.750,ENTER,SHORT_BASIS,10.863164965391341,11.230898534309475,42.664929348625904,z_entry+exec_edge,,,
2025-12-20 05:44:18.000,EXIT,SHORT_BASIS,9.833842556815297,11.696251581209212,,stop_z,33.81691805198385,20.0,0.25
2025-12-20 13:21:21.500,ENTER,LONG_BASIS,-10.86316408191993,12.2580802597805,25.06096408666269,z_entry+exec_edge,,,
2025-12-20 13:21:21.750,EXIT,LONG_BASIS,-8.472916906806038,11.639501209634501,,stop_z,41.893610556104754,20.0,0.25
2025-12-21 01:33:52.250,ENTER,LONG_BASIS,-3.233683912160999,-4.1601552219020626,15.316163306752063,z_entry+exec_edge,,,
2025-12-21 01:34:25.000,EXIT,LONG_BASIS,-0.499413002069714,-4.918605289566284,,z_exit,-6.43498059500954,20.0,32.75
2025-12-21 01:34:36.000,ENTER,LONG_BASIS,-7.392064559690037,-4.992186266281157,16.980225395511898,z_entry+exec_edge,,,
2025-12-21 01:34:36.250,EXIT,LONG_BASIS,-6.083403247806996,-4.992186266281157,,stop_z,-4.129065403258357,20.0,0.25
2025-12-21 01:36:15.750,ENTER,LONG_BASIS,-10.863164926443762,-7.590160751794149,22.176174366537882,z_entry+exec_edge,,,
2025-12-21 01:36:16.000,EXIT,LONG_BASIS,-7.744507722296538,-7.601480902058482,,stop_z,0.3153700270372397,20.0,0.25
2025-12-21 01:39:08.500,ENTER,LONG_BASIS,-10.863164090574305,-9.916451630979608,26.8287561249088,z_entry+exec_edge,,,
2025-12-21 01:39:08.750,EXIT,LONG_BASIS,-7.733261879825212,-9.967392307165815,,stop_z,1.2479513017555632,20.0,0.25
2025-12-21 01:56:43.750,ENTER,LONG_BASIS,-10.863169190065232,-15.25956255543369,37.51497797381697,z_entry+exec_edge,,,
2025-12-21 01:56:44.000,EXIT,LONG_BASIS,-9.840619116773253,-15.480305485576663,,stop_z,16.272741712433266,20.0,0.25
2025-12-21 01:58:14.000,ENTER,LONG_BASIS,-10.863177558987525,-15.627467439003114,38.250787740955815,z_entry+exec_edge,,,
2025-12-21 01:58:14.250,EXIT,LONG_BASIS,-7.649078811857377,-15.627467439003114,,stop_z,17.162653805076687,20.0,0.25
2025-12-21 01:59:25.500,ENTER,LONG_BASIS,-10.863166441162742,-15.91047119559498,38.81679525413954,z_entry+exec_edge,,,
2025-12-21 01:59:25.750,EXIT,LONG_BASIS,-7.649074864474754,-15.91047119559498,,stop_z,17.40227247636281,20.0,0.25
2025-12-21 01:59:47.500,ENTER,LONG_BASIS,-3.4921741011023437,-17.90281764200237,42.80148814695432,z_entry+exec_edge,,,
2025-12-21 02:00:11.250,EXIT,LONG_BASIS,-0.4885878266115395,-17.90281764200237,,z_exit,20.14158401137834,20.0,23.75
2025-12-21 02:13:52.250,ENTER,LONG_BASIS,-10.86317179709868,-18.06129974569315,43.11845235433589,z_entry+exec_edge,,,
2025-12-21 02:13:52.500,EXIT,LONG_BASIS,-7.649076766102411,-18.06129974569315,,stop_z,21.991464355531257,20.0,0.25
2025-12-21 02:16:26.500,ENTER,LONG_BASIS,-10.869251015425792,-18.197141548858564,43.39013596066507,z_entry+exec_edge,,,
2025-12-21 02:16:26.750,EXIT,LONG_BASIS,-9.709266609869863,-18.202801623989085,,stop_z,22.573975125890563,20.0,0.25
2025-12-21 02:16:31.750,ENTER,LONG_BASIS,-4.331560761105057,-18.457505004921764,43.91086287279311,z_entry+exec_edge,,,
2025-12-21 02:16:39.250,EXIT,LONG_BASIS,-6.065591089556693,-19.340476725488713,,stop_z,23.110858593559364,20.0,7.5
2025-12-21 02:22:50.750,ENTER,LONG_BASIS,-10.86316654484034,-21.321503021631766,49.63885890621312,z_entry+exec_edge,,,
2025-12-21 02:22:51.000,EXIT,LONG_BASIS,-7.725706833089009,-21.327163096763933,,stop_z,28.322751136545357,20.0,0.25
2025-12-21 02:23:36.750,ENTER,LONG_BASIS,-10.863165010614798,-22.244095268122237,51.48404339919241,z_entry+exec_edge,,,
2025-12-21 02:23:37.000,EXIT,LONG_BASIS,-8.48508831314471,-22.362956845889503,,stop_z,29.832466209174804,20.0,0.25
2025-12-21 02:25:02.500,ENTER,LONG_BASIS,-10.863226893465155,-22.419557597207874,51.83496805736533,z_entry+exec_edge,,,
2025-12-21 02:25:02.750,EXIT,LONG_BASIS,-10.614369516739808,-22.623320301954347,,stop_z,30.999374848559732,20.0,0.25
2025-12-21 02:25:57.750,ENTER,LONG_BASIS,-10.863169200020279,-22.889343833149713,52.77454052925065,z_entry+exec_edge,,,
2025-12-21 02:25:58.000,EXIT,LONG_BASIS,-7.649075844010169,-22.889343833149713,,stop_z,31.663031947861292,20.0,0.25
2025-12-21 02:26:07.750,ENTER,LONG_BASIS,-5.496186904476902,-23.359130069093197,53.71411300113598,z_entry+exec_edge,,,
2025-12-21 02:26:08.000,EXIT,LONG_BASIS,-6.921112975487525,-23.74401517805912,,stop_z,32.06355706568998,20.0,0.25
2025-12-21 02:27:00.000,ENTER,LONG_BASIS,-10.863165104663738,-24.559065997041717,56.113984857034666,z_entry+exec_edge,,,
2025-12-21 02:27:00.250,EXIT,LONG_BASIS,-7.649074389948369,-24.559065997041717,,stop_z,34.547525123750724,20.0,0.25
2025-12-21 08:41:44.250,ENTER,SHORT_BASIS,6.7846247670045035,-22.193154591934384,14.116227378801897,z_entry+exec_edge,,,
2025-12-21 08:42:22.750,EXIT,SHORT_BASIS,0.49242801753473625,-20.093266718024065,,z_exit,43.99522400446498,20.0,38.5
2025-12-21 08:42:29.250,ENTER,SHORT_BASIS,7.027936947185591,-19.895164088409757,18.712208385852797,z_entry+exec_edge,,,
2025-12-21 08:42:29.500,EXIT,SHORT_BASIS,6.089619644470797,-19.895164088409757,,stop_z,48.83210666811351,20.0,0.25
2025-12-21 08:42:34.500,ENTER,SHORT_BASIS,3.337768264161193,-17.631134035674837,23.240268491322635,z_entry+exec_edge,,,
2025-12-21 08:42:56.250,EXIT,SHORT_BASIS,0.49194886630506374,-17.631134035674837,,z_exit,53.585837299738714,20.0,21.75
2025-12-21 08:43:15.250,ENTER,SHORT_BASIS,10.86320602331181,-17.56321313409213,23.376110294488047,z_entry+exec_edge,,,
2025-12-21 08:43:15.500,EXIT,SHORT_BASIS,7.6490889179213815,-17.56321313409213,,stop_z,53.585837299738714,20.0,0.25
2025-12-21 08:43:56.000,ENTER,SHORT_BASIS,10.863164116529415,-15.757649167034712,26.987238228599587,z_entry+exec_edge,,,
2025-12-21 08:43:56.250,EXIT,SHORT_BASIS,9.398431652482454,-14.43319158618676,,stop_z,53.72031059767377,20.0,0.25
2025-12-21 08:44:02.250,ENTER,SHORT_BASIS,3.2240897221540936,-8.110887663923839,42.28076123482463,z_entry+exec_edge,,,
2025-12-21 08:44:25.000,EXIT,SHORT_BASIS,0.49776769236985463,-7.193955492565537,,z_exit,69.58495014578978,20.0,22.75
2025-12-21 09:02:14.250,ENTER,SHORT_BASIS,10.863164094324143,-5.0148265668081775,48.472883429054306,z_entry+exec_edge,,,
2025-12-21 09:02:14.500,EXIT,SHORT_BASIS,7.6591566098320625,-5.009166491677658,,stop_z,74.20723479288968,20.0,0.25
2025-12-21 09:18:04.250,ENTER,SHORT_BASIS,10.863164990877364,-4.579000781656046,49.34453499935692,z_entry+exec_edge,,,
2025-12-21 09:18:04.500,EXIT,SHORT_BASIS,7.649074349526353,-4.579000781656046,,stop_z,78.51301710272585,20.0,0.25
2025-12-21 09:34:55.500,ENTER,SHORT_BASIS,10.86316425445532,-3.6450883849028917,51.21235979286323,z_entry+exec_edge,,,
2025-12-21 09:34:55.750,EXIT,SHORT_BASIS,10.399719612400188,-1.4772796094098648,,stop_z,79.36034651393034,20.0,0.25
2025-12-21 09:36:11.250,ENTER,SHORT_BASIS,10.86316639482689,-0.2830037565935123,57.93652904948528,z_entry+exec_edge,,,
2025-12-21 09:36:11.500,EXIT,SHORT_BASIS,9.323693720143263,-0.10188135237405978,,stop_z,87.29144458793816,20.0,0.25
2025-12-21 09:36:23.500,ENTER,SHORT_BASIS,4.90366245133905,2.0998878739119675,62.70231231049294,z_entry+exec_edge,,,
2025-12-21 09:36:48.250,EXIT,SHORT_BASIS,0.49107757563808485,3.3847249288380468,,z_exit,89.81736728330678,20.0,24.75
2025-12-21 09:48:18.500,ENTER,SHORT_BASIS,10.868129139584717,3.390385003970213,65.28330657061109,z_entry+exec_edge,,,
2025-12-21 09:48:18.750,EXIT,SHORT_BASIS,7.650836262387753,3.390385003970213,,stop_z,95.02092591953581,20.0,0.25
2025-12-21 09:53:06.000,ENTER,SHORT_BASIS,10.863165053630393,5.314810548794895,69.13215766026045,z_entry+exec_edge,,,
2025-12-21 09:53:06.250,EXIT,SHORT_BASIS,8.193656289642249,5.377071375243787,,stop_z,98.03159410851131,20.0,0.25
2025-12-21 09:53:42.750,ENTER,SHORT_BASIS,10.863164552943077,5.937418813296998,70.37737418926466,z_entry+exec_edge,,,
2025-12-21 09:53:43.000,EXIT,SHORT_BASIS,7.649074194041163,5.937418813296998,,stop_z,98.9311056190329,20.0,0.25
2025-12-21 09:54:20.250,ENTER,SHORT_BASIS,4.975299209329331,6.9052916608398585,72.31311988435202,z_entry+exec_edge,,,
2025-12-21 09:55:07.750,EXIT,SHORT_BASIS,0.4934385006716964,10.969225605500029,,z_exit,101.53987264262982,20.0,47.5
2025-12-21 13:30:11.000,ENTER,LONG_BASIS,-10.8631640711192,7.726002554956267,64.98898266375653,z_entry+exec_edge,,,
2025-12-21 13:30:11.250,EXIT,LONG_BASIS,-7.649074022980591,7.726002554956267,,stop_z,111.70540605478507,20.0,0.25
2025-12-21 13:32:25.500,ENTER,LONG_BASIS,-10.863164099413872,5.8298773857907715,68.78123300208753,z_entry+exec_edge,,,
2025-12-21 13:32:25.750,EXIT,LONG_BASIS,-9.198368818881168,4.692202284292792,,stop_z,118.3228947320267,20.0,0.25
2025-12-21 13:47:39.000,ENTER,LONG_BASIS,-10.863225250893896,3.37906485370588,73.68285806625731,z_entry+exec_edge,,,
2025-12-21 13:47:39.250,EXIT,LONG_BASIS,-10.537536368766935,3.2262428251456137,,stop_z,127.10178383869933,20.0,0.25
2025-12-21 13:48:12.250,ENTER,LONG_BASIS,-10.558587903075281,1.958385995616035,76.5242157824403,z_entry+exec_edge,,,
2025-12-21 13:48:12.500,EXIT,LONG_BASIS,-10.22116229839261,0.16980225395347168,,stop_z,128.24797687545453,20.0,0.25
2025-12-21 13:50:28.750,ENTER,LONG_BASIS,-10.863165271989217,-0.3962052592302583,81.23339829212959,z_entry+exec_edge,,,
2025-12-21 13:50:29.000,EXIT,LONG_BASIS,-9.065728289717262,-0.5886478137107497,,stop_z,134.17989637971945,20.0,0.25
2025-12-21 13:50:34.000,ENTER,LONG_BASIS,-3.919966947357665,-1.7716035162660633,83.98419480620119,z_entry+exec_edge,,,
2025-12-21 13:50:57.750,EXIT,LONG_BASIS,-0.49250416709058675,-2.654575236831364,,z_exit,136.9048763747733,20.0,23.75
2025-12-21 13:52:43.750,ENTER,LONG_BASIS,-10.863493184962726,-2.6772155373600315,85.79541884838913,z_entry+exec_edge,,,
2025-12-21 13:52:44.000,EXIT,LONG_BASIS,-7.649190871881856,-2.6772155373600315,,stop_z,139.56168924211215,20.0,0.25
